date,eurostoxx50
2009-01-05,2553.41
2009-01-06,2578.43
2009-01-07,2538.55
2009-01-08,2516.56
2009-01-09,2486.59
2009-01-12,2451.87
2009-01-13,2411.28
2009-01-14,2298.46
2009-01-15,2257.67
2009-01-16,2281.45
2009-01-19,2252.39
2009-01-20,2200.8
2009-01-21,2188.43
2009-01-22,2160.07
2009-01-23,2147.87
2009-01-26,2226.77
2009-01-27,2224.62
2009-01-28,2322.78
2009-01-29,2269.4
2009-01-30,2236.98
2009-02-02,2198.74
2009-02-03,2244.89
2009-02-04,2297.73
2009-02-05,2293.23
2009-02-06,2343.66
2009-02-09,2348.95
2009-02-10,2268.15
2009-02-11,2267.9
2009-02-12,2214.95
2009-02-13,2228.29
2009-02-17,2119.98
2009-02-18,2118.47
2009-02-19,2114.84
2009-02-20,2011.68
2009-02-23,1991.63
2009-02-24,1977.5
2009-02-25,1965.26
2009-02-26,2021.14
2009-02-27,1976.23
2009-03-02,1882.79
2009-03-03,1864.73
2009-03-04,1943.46
2009-03-05,1852.25
2009-03-06,1817.24
2009-03-09,1809.98
2009-03-10,1919.53
2009-03-11,1932.79
2009-03-12,1962.64
2009-03-13,1969.52
2009-03-16,2033.72
2009-03-17,2012.25
2009-03-18,2019.19
2009-03-19,2039.58
2009-03-20,2050.96
2009-03-23,2121.72
2009-03-24,2127.37
2009-03-25,2149.18
2009-03-26,2156.97
2009-03-27,2118.76
2009-03-30,2010.61
2009-03-31,2071.13
2009-04-01,2097.57
2009-04-02,2216.49
2009-04-03,2198.75
2009-04-06,2179.73
2009-04-07,2165.56
2009-04-08,2186.79
2009-04-09,2247.89
2009-04-14,2278.65
2009-04-15,2262.96
2009-04-16,2300.51
2009-04-17,2341.15
2009-04-20,2249.44
2009-04-21,2243.63
2009-04-22,2285.69
2009-04-23,2259.54
2009-04-24,2319.89
2009-04-27,2317.36
2009-04-28,2280.52
2009-04-29,2334.59
2009-04-30,2375.34
2009-05-04,2419.53
2009-05-05,2407.55
2009-05-06,2437.27
2009-05-07,2406.08
2009-05-08,2462.39
2009-05-11,2433.59
2009-05-12,2424.34
2009-05-13,2357.3
2009-05-14,2353.53
2009-05-15,2364.1
2009-05-18,2422.74
2009-05-19,2459.59
2009-05-20,2487.17
2009-05-22,2433.52
2009-05-25,2440.23
2009-05-26,2468.45
2009-05-27,2479.48
2009-05-28,2453.15
2009-05-29,2451.24
2009-06-02,2534.17
2009-06-03,2483.39
2009-06-04,2487.08
2009-06-05,2503.17
2009-06-08,2468.37
2009-06-09,2479.38
2009-06-10,2500.94
2009-06-11,2522.33
2009-06-12,2509.22
2009-06-15,2431.4
2009-06-16,2425.97
2009-06-17,2383.71
2009-06-18,2414.44
2009-06-19,2434.77
2009-06-22,2359.28
2009-06-23,2353.48
2009-06-24,2418.46
2009-06-25,2402.32
2009-06-26,2389.91
2009-06-29,2437.72
2009-06-30,2401.69
2009-07-01,2449.73
2009-07-02,2369.65
2009-07-03,2376.48
2009-07-06,2343.88
2009-07-07,2320.9
2009-07-08,2291.33
2009-07-09,2313.87
2009-07-10,2281.47
2009-07-13,2345.22
2009-07-14,2370.71
2009-07-15,2451.02
2009-07-16,2458.97
2009-07-17,2469.2
2009-07-20,2500.69
2009-07-21,2519.99
2009-07-22,2528.85
2009-07-23,2585.79
2009-07-24,2582.76
2009-07-27,2601.41
2009-07-28,2573.08
2009-07-29,2600.31
2009-07-30,2654.74
2009-07-31,2638.13
2009-08-03,2674.07
2009-08-04,2670.96
2009-08-05,2643.13
2009-08-06,2662.01
2009-08-07,2706.22
2009-08-10,2693.61
2009-08-11,2650.94
2009-08-12,2688.21
2009-08-13,2705.74
2009-08-14,2669.41
2009-08-17,2603.79
2009-08-18,2630.6
2009-08-19,2622.88
2009-08-20,2663.67
2009-08-21,2745.62
2009-08-24,2778.34
2009-08-25,2801.14
2009-08-26,2788.9
2009-08-27,2777.62
2009-08-28,2803.65
2009-08-31,2770.11
2009-09-01,2715.74
2009-09-02,2703.76
2009-09-03,2699.22
2009-09-04,2743.34
2009-09-08,2786.25
2009-09-09,2820.58
2009-09-10,2817.5
2009-09-11,2831.37
2009-09-14,2829.25
2009-09-15,2843.0
2009-09-16,2882.28
2009-09-17,2895.45
2009-09-18,2887.24
2009-09-21,2872.51
2009-09-22,2881.6
2009-09-23,2887.24
2009-09-24,2838.22
2009-09-25,2831.95
2009-09-28,2899.12
2009-09-29,2892.44
2009-09-30,2872.63
2009-10-01,2810.46
2009-10-02,2760.6
2009-10-05,2790.78
2009-10-06,2865.7
2009-10-07,2852.17
2009-10-08,2887.61
2009-10-09,2882.18
2009-10-12,2914.35
2009-10-13,2879.06
2009-10-14,2950.82
2009-10-15,2939.09
2009-10-16,2893.53
2009-10-19,2947.41
2009-10-20,2925.08
2009-10-21,2936.83
2009-10-22,2902.19
2009-10-23,2886.08
2009-10-26,2834.82
2009-10-27,2835.17
2009-10-28,2778.46
2009-10-29,2824.78
2009-10-30,2743.5
2009-11-02,2762.95
2009-11-03,2712.3
2009-11-04,2763.29
2009-11-05,2793.44
2009-11-06,2794.25
2009-11-09,2860.11
2009-11-10,2856.44
2009-11-11,2881.01
2009-11-12,2876.92
2009-11-13,2883.04
2009-11-16,2926.15
2009-11-17,2906.92
2009-11-18,2908.53
2009-11-19,2860.29
2009-11-20,2833.06
2009-11-23,2898.19
2009-11-24,2877.58
2009-11-25,2896.9
2009-11-26,2799.44
2009-11-27,2831.14
2009-11-30,2797.25
2009-12-01,2871.75
2009-12-02,2877.94
2009-12-03,2876.14
2009-12-04,2910.33
2009-12-07,2896.23
2009-12-08,2849.17
2009-12-09,2818.1
2009-12-10,2851.29
2009-12-11,2862.32
2009-12-14,2885.0
2009-12-15,2888.58
2009-12-16,2926.52
2009-12-17,2891.66
2009-12-18,2871.22
2009-12-21,2926.05
2009-12-22,2945.71
2009-12-23,2957.48
2009-12-24,2957.48
2009-12-28,2982.42
2009-12-29,2992.08
2009-12-30,2966.24
2009-12-31,2966.24
2010-01-04,3017.8
2010-01-05,3012.36
2010-01-06,3009.66
2010-01-07,3007.34
2010-01-08,3017.85
2010-01-11,3010.24
2010-01-12,2976.89
2010-01-13,2978.41
2010-01-14,2989.71
2010-01-15,2940.25
2010-01-18,2957.87
2010-01-19,2984.82
2010-01-20,2914.6
2010-01-21,2863.25
2010-01-22,2836.8
2010-01-25,2807.3
2010-01-26,2827.74
2010-01-27,2787.4
2010-01-28,2737.33
2010-01-29,2776.83
2010-02-01,2793.29
2010-02-02,2830.01
2010-02-03,2804.61
2010-02-04,2707.45
2010-02-05,2631.64
2010-02-08,2664.29
2010-02-09,2668.43
2010-02-10,2700.17
2010-02-11,2680.25
2010-02-12,2674.46
2010-02-15,2683.83
2010-02-16,2720.77
2010-02-17,2762.25
2010-02-18,2778.3
2010-02-19,2793.37
2010-02-22,2778.12
2010-02-23,2730.57
2010-02-24,2734.95
2010-02-25,2684.42
2010-02-26,2728.47
2010-03-01,2772.7
2010-03-02,2796.33
2010-03-03,2822.59
2010-03-04,2816.1
2010-03-05,2877.44
2010-03-08,2879.29
2010-03-09,2880.71
2010-03-10,2909.4
2010-03-11,2895.74
2010-03-12,2898.36
2010-03-15,2870.55
2010-03-16,2905.93
2010-03-17,2931.31
2010-03-18,2913.74
2010-03-19,2897.95
2010-03-22,2890.75
2010-03-23,2910.52
2010-03-24,2903.94
2010-03-25,2948.09
2010-03-26,2940.94
2010-03-29,2947.49
2010-03-30,2939.68
2010-03-31,2931.16
2010-04-01,2978.5
2010-04-06,2989.49
2010-04-07,2974.62
2010-04-08,2942.31
2010-04-09,2993.54
2010-04-12,3002.23
2010-04-13,2988.24
2010-04-14,3008.03
2010-04-15,3012.65
2010-04-16,2949.65
2010-04-19,2940.19
2010-04-20,2983.91
2010-04-21,2947.64
2010-04-22,2897.59
2010-04-23,2918.11
2010-04-26,2947.04
2010-04-27,2838.78
2010-04-28,2788.54
2010-04-29,2828.12
2010-04-30,2816.86
2010-05-03,2816.5
2010-05-04,2708.12
2010-05-05,2679.3
2010-05-06,2611.41
2010-05-07,2500.18
2010-05-10,2758.89
2010-05-11,2730.48
2010-05-12,2764.31
2010-05-14,2633.92
2010-05-17,2635.34
2010-05-18,2698.21
2010-05-19,2619.48
2010-05-20,2569.58
2010-05-21,2574.18
2010-05-25,2488.5
2010-05-26,2530.34
2010-05-27,2619.36
2010-05-28,2614.06
2010-05-31,2610.26
2010-06-01,2606.58
2010-06-02,2601.98
2010-06-03,2634.16
2010-06-04,2553.59
2010-06-07,2529.97
2010-06-08,2510.84
2010-06-09,2556.68
2010-06-10,2608.74
2010-06-11,2638.31
2010-06-14,2683.46
2010-06-15,2716.3
2010-06-16,2718.73
2010-06-17,2728.12
2010-06-18,2737.02
2010-06-21,2768.27
2010-06-22,2745.97
2010-06-23,2704.8
2010-06-24,2645.32
2010-06-25,2629.25
2010-06-28,2668.67
2010-06-29,2556.34
2010-06-30,2573.32
2010-07-01,2518.65
2010-07-02,2522.36
2010-07-05,2507.83
2010-07-06,2578.69
2010-07-07,2634.39
2010-07-08,2666.42
2010-07-09,2681.2
2010-07-12,2686.09
2010-07-13,2737.59
2010-07-14,2738.96
2010-07-15,2702.81
2010-07-16,2645.61
2010-07-19,2634.6
2010-07-20,2627.28
2010-07-21,2639.52
2010-07-22,2714.21
2010-07-23,2719.13
2010-07-26,2743.12
2010-07-27,2769.31
2010-07-28,2766.11
2010-07-29,2752.93
2010-07-30,2742.14
2010-08-02,2822.17
2010-08-03,2818.97
2010-08-04,2825.08
2010-08-05,2819.34
2010-08-06,2779.34
2010-08-09,2827.27
2010-08-10,2800.02
2010-08-11,2724.16
2010-08-12,2720.85
2010-08-13,2708.73
2010-08-16,2698.29
2010-08-17,2737.69
2010-08-18,2728.66
2010-08-19,2675.02
2010-08-20,2643.98
2010-08-23,2660.84
2010-08-24,2614.54
2010-08-25,2587.4
2010-08-26,2606.89
2010-08-27,2630.35
2010-08-30,2616.57
2010-08-31,2622.95
2010-09-01,2715.27
2010-09-02,2715.19
2010-09-03,2746.23
2010-09-06,2753.6
2010-09-07,2727.16
2010-09-08,2752.89
2010-09-09,2782.43
2010-09-10,2780.4
2010-09-13,2805.06
2010-09-14,2806.47
2010-09-15,2794.36
2010-09-16,2784.61
2010-09-17,2757.37
2010-09-20,2802.67
2010-09-21,2794.55
2010-09-22,2752.77
2010-09-23,2738.61
2010-09-24,2792.75
2010-09-27,2776.33
2010-09-28,2774.62
2010-09-29,2752.71
2010-09-30,2747.9
2010-10-01,2732.91
2010-10-04,2701.02
2010-10-05,2758.56
2010-10-06,2780.0
2010-10-07,2786.88
2010-10-08,2785.43
2010-10-11,2789.72
2010-10-12,2775.75
2010-10-13,2840.55
2010-10-14,2836.11
2010-10-15,2841.65
2010-10-18,2850.72
2010-10-19,2837.33
2010-10-20,2851.52
2010-10-21,2882.29
2010-10-22,2873.74
2010-10-25,2871.48
2010-10-26,2856.31
2010-10-27,2829.42
2010-10-28,2845.53
2010-10-29,2844.99
2010-11-01,2836.73
2010-11-02,2861.01
2010-11-03,2830.43
2010-11-04,2884.21
2010-11-05,2875.94
2010-11-08,2867.96
2010-11-09,2890.64
2010-11-10,2845.93
2010-11-11,2831.22
2010-11-12,2822.43
2010-11-15,2848.45
2010-11-16,2781.77
2010-11-17,2802.7
2010-11-18,2855.23
2010-11-19,2845.75
2010-11-22,2811.43
2010-11-23,2739.37
2010-11-24,2758.02
2010-11-25,2765.05
2010-11-26,2736.96
2010-11-29,2669.96
2010-11-30,2650.99
2010-12-01,2721.87
2010-12-02,2781.39
2010-12-03,2782.39
2010-12-06,2769.96
2010-12-07,2802.74
2010-12-08,2818.95
2010-12-09,2840.71
2010-12-10,2839.53
2010-12-13,2855.37
2010-12-14,2861.67
2010-12-15,2841.99
2010-12-16,2845.78
2010-12-17,2821.77
2010-12-20,2839.22
2010-12-21,2876.99
2010-12-22,2869.63
2010-12-23,2864.52
2010-12-27,2826.51
2010-12-28,2824.3
2010-12-29,2841.23
2010-12-30,2807.04
2011-01-03,2839.43
2011-01-04,2844.17
2011-01-05,2833.74
2011-01-06,2836.23
2011-01-07,2808.25
2011-01-10,2760.88
2011-01-11,2796.6
2011-01-12,2879.11
2011-01-13,2915.62
2011-01-14,2920.4
2011-01-17,2910.63
2011-01-18,2945.62
2011-01-19,2923.76
2011-01-20,2927.42
2011-01-21,2970.56
2011-01-24,2979.06
2011-01-25,2957.78
2011-01-26,2967.78
2011-01-27,2989.75
2011-01-28,2954.13
2011-01-31,2953.63
2011-02-01,3006.81
2011-02-02,3012.7
2011-02-03,2995.49
2011-02-04,3003.19
2011-02-07,3031.18
2011-02-08,3042.5
2011-02-09,3031.62
2011-02-10,3025.68
2011-02-11,3024.37
2011-02-14,3018.38
2011-02-15,3030.46
2011-02-16,3061.92
2011-02-17,3064.54
2011-02-18,3068.0
2011-02-21,3012.34
2011-02-22,2983.33
2011-02-23,2954.92
2011-02-24,2949.13
2011-02-25,2985.02
2011-02-28,3013.09
2011-03-01,2983.27
2011-03-02,2958.8
2011-03-03,2969.24
2011-03-04,2949.18
2011-03-07,2931.42
2011-03-08,2945.42
2011-03-09,2935.11
2011-03-10,2909.73
2011-03-11,2883.84
2011-03-14,2852.11
2011-03-15,2784.2
2011-03-16,2721.24
2011-03-17,2786.16
2011-03-18,2792.61
2011-03-21,2860.81
2011-03-22,2854.79
2011-03-23,2866.23
2011-03-24,2909.78
2011-03-25,2911.33
2011-03-28,2914.76
2011-03-29,2910.93
2011-03-30,2936.44
2011-03-31,2910.91
2011-04-01,2962.92
2011-04-04,2955.84
2011-04-05,2950.96
2011-04-06,2971.48
2011-04-07,2963.69
2011-04-08,2984.66
2011-04-11,2974.58
2011-04-12,2932.33
2011-04-13,2949.98
2011-04-14,2917.72
2011-04-15,2919.05
2011-04-18,2847.96
2011-04-19,2857.61
2011-04-20,2921.43
2011-04-21,2936.3
2011-04-26,2955.36
2011-04-27,2977.59
2011-04-28,3005.33
2011-04-29,3011.25
2011-05-02,3008.89
2011-05-03,3000.39
2011-05-04,2952.02
2011-05-05,2926.54
2011-05-06,2952.9
2011-05-09,2902.4
2011-05-10,2939.02
2011-05-11,2942.43
2011-05-12,2917.05
2011-05-13,2894.6
2011-05-16,2881.31
2011-05-17,2849.6
2011-05-18,2867.3
2011-05-19,2890.6
2011-05-20,2853.98
2011-05-23,2794.26
2011-05-24,2801.27
2011-05-25,2816.84
2011-05-26,2799.82
2011-05-27,2819.4
2011-06-01,2827.66
2011-06-03,2789.11
2011-06-06,2765.33
2011-06-07,2774.5
2011-06-08,2752.06
2011-06-09,2778.12
2011-06-10,2732.54
2011-06-14,2779.94
2011-06-15,2731.5
2011-06-16,2730.62
2011-06-17,2770.12
2011-06-20,2748.01
2011-06-21,2801.99
2011-06-22,2795.07
2011-06-23,2730.86
2011-06-24,2715.88
2011-06-27,2723.93
2011-06-28,2750.49
2011-06-29,2802.55
2011-06-30,2848.53
2011-07-01,2875.67
2011-07-04,2870.19
2011-07-05,2850.51
2011-07-06,2832.63
2011-07-07,2844.51
2011-07-08,2790.09
2011-07-11,2709.14
2011-07-12,2693.53
2011-07-13,2715.05
2011-07-14,2631.98
2011-07-15,2675.38
2011-07-18,2622.36
2011-07-19,2631.98
2011-07-20,2705.75
2011-07-21,2631.98
2011-07-22,2772.6
2011-07-25,2742.7
2011-07-26,2739.65
2011-07-27,2693.71
2011-07-28,2692.76
2011-07-29,2670.37
2011-08-02,2544.89
2011-08-03,2497.83
2011-08-04,2412.29
2011-08-05,2375.15
2011-08-08,2286.91
2011-08-09,2294.24
2011-08-10,2153.77
2011-08-11,2215.45
2011-08-12,2307.33
2011-08-15,2324.48
2011-08-16,2323.67
2011-08-17,2331.12
2011-08-18,2206.61
2011-08-19,2159.07
2011-08-22,2183.39
2011-08-23,2199.98
2011-08-24,2238.7
2011-08-25,2216.7
2011-08-26,2190.44
2011-08-29,2239.3
2011-08-30,2239.14
2011-08-31,2302.08
2011-09-01,2305.75
2011-09-02,2220.72
2011-09-05,2107.27
2011-09-06,2080.1
2011-09-07,2151.16
2011-09-08,2163.4
2011-09-09,2073.67
2011-09-12,1995.01
2011-09-13,2036.64
2011-09-14,2083.38
2011-09-15,2155.62
2011-09-16,2159.28
2011-09-19,2096.1
2011-09-20,2140.41
2011-09-21,2098.49
2011-09-22,1995.75
2011-09-23,2026.03
2011-09-26,2083.35
2011-09-27,2194.03
2011-09-28,2176.64
2011-09-29,2212.44
2011-09-30,2179.66
2011-10-03,2138.24
2011-10-04,2091.09
2011-10-05,2179.42
2011-10-06,2248.78
2011-10-07,2269.19
2011-10-10,2320.8
2011-10-11,2315.97
2011-10-12,2372.15
2011-10-13,2332.52
2011-10-14,2355.48
2011-10-17,2315.89
2011-10-18,2306.81
2011-10-19,2330.08
2011-10-20,2271.77
2011-10-21,2337.51
2011-10-24,2369.07
2011-10-25,2343.96
2011-10-26,2335.06
2011-10-27,2476.92
2011-10-28,2462.36
2011-10-31,2385.22
2011-11-01,2259.73
2011-11-02,2291.89
2011-11-03,2347.94
2011-11-04,2291.47
2011-11-07,2275.92
2011-11-08,2303.2
2011-11-09,2249.39
2011-11-10,2254.92
2011-11-11,2324.81
2011-11-14,2288.32
2011-11-15,2254.0
2011-11-16,2267.96
2011-11-17,2242.78
2011-11-18,2236.68
2011-11-21,2160.28
2011-11-22,2136.81
2011-11-23,2096.79
2011-11-25,2111.26
2011-11-28,2221.76
2011-11-29,2234.17
2011-11-30,2330.43
2011-12-01,2313.84
2011-12-02,2342.5
2011-12-05,2369.39
2011-12-06,2356.71
2011-12-07,2344.92
2011-12-08,2288.05
2011-12-09,2342.59
2011-12-12,2269.46
2011-12-13,2260.98
2011-12-14,2205.91
2011-12-15,2224.89
2011-12-16,2202.72
2011-12-19,2202.95
2011-12-20,2262.39
2011-12-21,2244.35
2011-12-22,2273.02
2011-12-23,2290.37
2011-12-27,2290.31
2011-12-28,2255.03
2011-12-29,2292.28
2011-12-30,2316.55
2012-01-03,2389.91
2012-01-04,2349.89
2012-01-05,2315.75
2012-01-06,2298.65
2012-01-09,2286.45
2012-01-10,2347.47
2012-01-11,2339.51
2012-01-12,2345.85
2012-01-13,2338.01
2012-01-16,2361.56
2012-01-17,2396.63
2012-01-18,2390.64
2012-01-19,2435.04
2012-01-20,2426.96
2012-01-23,2441.44
2012-01-24,2432.07
2012-01-25,2421.12
2012-01-26,2460.4
2012-01-27,2436.62
2012-01-30,2404.62
2012-01-31,2416.66
2012-02-01,2470.79
2012-02-02,2478.15
2012-02-03,2515.15
2012-02-06,2507.89
2012-02-07,2514.12
2012-02-08,2512.92
2012-02-09,2522.34
2012-02-10,2480.76
2012-02-13,2491.54
2012-02-14,2488.29
2012-02-15,2493.96
2012-02-16,2489.35
2012-02-17,2520.31
2012-02-21,2541.6
2012-02-22,2519.0
2012-02-23,2508.08
2012-02-24,2523.69
2012-02-27,2513.06
2012-02-28,2519.72
2012-02-29,2512.11
2012-03-01,2548.66
2012-03-02,2546.16
2012-03-05,2529.86
2012-03-06,2443.52
2012-03-07,2460.77
2012-03-08,2514.22
2012-03-09,2515.95
2012-03-12,2514.97
2012-03-13,2556.82
2012-03-14,2574.79
2012-03-15,2593.97
2012-03-16,2608.3
2012-03-19,2608.42
2012-03-20,2576.61
2012-03-21,2567.58
2012-03-22,2530.22
2012-03-23,2525.43
2012-03-26,2539.87
2012-03-27,2525.21
2012-03-28,2496.68
2012-03-29,2452.74
2012-03-30,2477.28
2012-04-02,2501.18
2012-04-03,2458.98
2012-04-04,2398.46
2012-04-05,2392.54
2012-04-10,2321.53
2012-04-11,2341.36
2012-04-12,2352.24
2012-04-13,2291.51
2012-04-16,2301.19
2012-04-17,2367.05
2012-04-18,2327.84
2012-04-19,2284.67
2012-04-20,2311.27
2012-04-23,2244.83
2012-04-24,2284.08
2012-04-25,2322.91
2012-04-26,2322.69
2012-04-27,2344.02
2012-04-30,2306.43
2012-05-02,2290.31
2012-05-03,2287.1
2012-05-04,2248.34
2012-05-07,2283.09
2012-05-08,2236.11
2012-05-09,2225.63
2012-05-10,2247.38
2012-05-11,2254.54
2012-05-14,2201.95
2012-05-15,2178.67
2012-05-16,2175.34
2012-05-18,2144.69
2012-05-21,2150.16
2012-05-22,2192.85
2012-05-23,2134.05
2012-05-24,2156.52
2012-05-25,2161.87
2012-05-29,2160.31
2012-05-30,2116.18
2012-05-31,2118.94
2012-06-01,2068.66
2012-06-04,2078.96
2012-06-05,2087.31
2012-06-06,2137.73
2012-06-07,2143.08
2012-06-08,2143.9
2012-06-11,2137.7
2012-06-12,2143.38
2012-06-13,2143.5
2012-06-14,2148.21
2012-06-15,2181.23
2012-06-18,2155.64
2012-06-19,2198.01
2012-06-20,2207.49
2012-06-21,2199.42
2012-06-22,2186.81
2012-06-25,2130.71
2012-06-26,2127.95
2012-06-27,2165.61
2012-06-28,2157.62
2012-06-29,2264.72
2012-07-02,2292.08
2012-07-03,2320.43
2012-07-04,2312.41
2012-07-05,2284.92
2012-07-06,2235.51
2012-07-09,2227.91
2012-07-10,2241.85
2012-07-11,2246.23
2012-07-12,2228.01
2012-07-13,2259.09
2012-07-16,2251.96
2012-07-17,2250.75
2012-07-18,2284.7
2012-07-19,2302.45
2012-07-20,2237.33
2012-07-23,2179.31
2012-07-24,2151.54
2012-07-25,2159.09
2012-07-26,2251.05
2012-07-27,2301.23
2012-07-30,2340.31
2012-07-31,2325.72
2012-08-02,2263.36
2012-08-03,2372.58
2012-08-06,2399.32
2012-08-07,2440.24
2012-08-08,2432.28
2012-08-09,2437.04
2012-08-10,2423.22
2012-08-13,2415.96
2012-08-14,2432.29
2012-08-15,2430.39
2012-08-16,2456.53
2012-08-17,2471.53
2012-08-20,2466.32
2012-08-21,2490.27
2012-08-22,2452.73
2012-08-23,2429.17
2012-08-24,2434.23
2012-08-27,2461.82
2012-08-28,2442.12
2012-08-29,2434.23
2012-08-30,2403.8
2012-08-31,2440.71
2012-09-03,2463.17
2012-09-04,2436.54
2012-09-05,2441.81
2012-09-06,2524.95
2012-09-07,2538.6
2012-09-10,2528.53
2012-09-11,2557.65
2012-09-12,2564.8
2012-09-13,2543.22
2012-09-14,2594.56
2012-09-17,2583.57
2012-09-18,2553.4
2012-09-19,2567.67
2012-09-20,2553.03
2012-09-21,2577.08
2012-09-24,2557.89
2012-09-25,2568.48
2012-09-26,2498.52
2012-09-27,2506.06
2012-09-28,2454.26
2012-10-01,2498.81
2012-10-02,2493.59
2012-10-03,2492.48
2012-10-04,2485.75
2012-10-05,2531.21
2012-10-08,2496.09
2012-10-09,2472.23
2012-10-10,2456.54
2012-10-11,2487.08
2012-10-12,2469.09
2012-10-15,2485.12
2012-10-16,2547.9
2012-10-17,2569.83
2012-10-18,2574.19
2012-10-19,2542.24
2012-10-22,2531.1
2012-10-23,2477.92
2012-10-24,2490.58
2012-10-25,2483.43
2012-10-26,2496.1
2012-10-29,2478.84
2012-10-30,2515.99
2012-10-31,2503.64
2012-11-01,2533.87
2012-11-02,2547.15
2012-11-05,2517.67
2012-11-06,2535.94
2012-11-07,2479.1
2012-11-08,2479.13
2012-11-09,2479.82
2012-11-12,2473.52
2012-11-13,2493.14
2012-11-14,2472.84
2012-11-15,2461.77
2012-11-16,2427.32
2012-11-19,2495.21
2012-11-20,2509.62
2012-11-21,2519.68
2012-11-22,2535.09
2012-11-23,2557.03
2012-11-26,2542.52
2012-11-27,2543.45
2012-11-28,2546.84
2012-11-29,2581.69
2012-11-30,2575.25
2012-12-03,2582.36
2012-12-04,2590.83
2012-12-05,2592.09
2012-12-06,2603.41
2012-12-07,2601.37
2012-12-10,2596.02
2012-12-11,2624.03
2012-12-12,2630.34
2012-12-13,2627.66
2012-12-14,2630.54
2012-12-17,2628.01
2012-12-18,2643.5
2012-12-19,2654.69
2012-12-20,2658.3
2012-12-21,2651.09
2012-12-27,2659.95
2012-12-28,2626.85
2013-01-03,2701.22
2013-01-04,2709.35
2013-01-07,2695.56
2013-01-08,2691.45
2013-01-09,2706.39
2013-01-10,2708.27
2013-01-11,2717.79
2013-01-14,2715.16
2013-01-15,2701.59
2013-01-16,2702.54
2013-01-17,2718.93
2013-01-18,2709.59
2013-01-21,2726.63
2013-01-22,2716.7
2013-01-23,2708.28
2013-01-24,2722.96
2013-01-25,2744.18
2013-01-28,2744.5
2013-01-29,2749.27
2013-01-30,2732.12
2013-01-31,2702.98
2013-02-01,2710.08
2013-02-04,2625.17
2013-02-05,2651.21
2013-02-06,2617.35
2013-02-07,2597.92
2013-02-08,2630.3
2013-02-11,2622.61
2013-02-12,2648.83
2013-02-13,2656.86
2013-02-14,2635.35
2013-02-15,2615.26
2013-02-18,2616.65
2013-02-19,2662.37
2013-02-20,2640.35
2013-02-21,2579.76
2013-02-22,2630.05
2013-02-25,2651.86
2013-02-26,2570.52
2013-02-27,2611.89
2013-02-28,2633.55
2013-03-01,2616.75
2013-03-04,2619.78
2013-03-05,2683.02
2013-03-06,2679.89
2013-03-07,2690.85
2013-03-08,2728.78
2013-03-11,2718.71
2013-03-12,2711.85
2013-03-13,2704.73
2013-03-14,2744.7
2013-03-15,2725.72
2013-03-18,2705.47
2013-03-19,2671.96
2013-03-20,2708.9
2013-03-21,2683.92
2013-03-22,2681.67
2013-03-25,2649.28
2013-03-26,2641.12
2013-03-27,2612.46
2013-03-28,2624.02
2013-04-02,2679.8
2013-04-03,2639.01
2013-04-04,2621.43
2013-04-05,2585.28
2013-04-08,2589.25
2013-04-09,2595.13
2013-04-10,2661.62
2013-04-11,2674.33
2013-04-12,2633.47
2013-04-15,2624.71
2013-04-16,2609.3
2013-04-17,2553.49
2013-04-18,2555.5
2013-04-19,2575.16
2013-04-22,2583.62
2013-04-23,2662.88
2013-04-24,2702.05
2013-04-25,2704.41
2013-04-26,2683.43
2013-04-29,2717.38
2013-04-30,2712.0
2013-05-02,2718.9
2013-05-03,2763.68
2013-05-06,2750.52
2013-05-07,2769.08
2013-05-08,2784.62
2013-05-10,2785.24
2013-05-13,2777.39
2013-05-14,2795.63
2013-05-15,2809.58
2013-05-16,2806.7
2013-05-17,2817.99
2013-05-21,2821.65
2013-05-22,2835.01
2013-05-23,2776.78
2013-05-24,2764.29
2013-05-27,2795.0
2013-05-28,2835.87
2013-05-29,2786.54
2013-05-30,2799.2
2013-05-31,2769.64
2013-06-03,2747.74
2013-06-04,2755.7
2013-06-05,2709.33
2013-06-06,2676.21
2013-06-07,2724.08
2013-06-10,2719.4
2013-06-11,2683.2
2013-06-12,2666.52
2013-06-13,2661.71
2013-06-14,2667.32
2013-06-17,2702.69
2013-06-18,2700.93
2013-06-19,2683.98
2013-06-20,2586.45
2013-06-21,2549.48
2013-06-24,2511.83
2013-06-25,2543.37
2013-06-26,2602.81
2013-06-27,2619.86
2013-06-28,2602.59
2013-07-01,2622.62
2013-07-02,2603.2
2013-07-03,2570.76
2013-07-04,2646.54
2013-07-05,2596.01
2013-07-08,2650.85
2013-07-09,2664.14
2013-07-10,2659.71
2013-07-11,2681.32
2013-07-12,2674.87
2013-07-15,2686.69
2013-07-16,2665.61
2013-07-17,2681.88
2013-07-18,2717.99
2013-07-19,2716.17
2013-07-22,2725.4
2013-07-23,2722.9
2013-07-24,2752.25
2013-07-25,2740.29
2013-07-26,2741.96
2013-07-29,2741.73
2013-07-30,2759.21
2013-07-31,2768.15
2013-08-02,2811.0
2013-08-05,2809.08
2013-08-06,2790.78
2013-08-07,2794.44
2013-08-08,2816.88
2013-08-09,2825.62
2013-08-12,2827.15
2013-08-13,2841.61
2013-08-14,2852.08
2013-08-15,2835.86
2013-08-16,2854.27
2013-08-19,2823.35
2013-08-20,2787.98
2013-08-21,2774.58
2013-08-22,2812.32
2013-08-23,2826.05
2013-08-26,2821.45
2013-08-27,2749.27
2013-08-28,2742.61
2013-08-29,2758.31
2013-08-30,2721.37
2013-09-03,2753.35
2013-09-04,2758.29
2013-09-05,2774.2
2013-09-06,2803.42
2013-09-09,2798.31
2013-09-10,2851.4
2013-09-11,2863.44
2013-09-12,2862.07
2013-09-13,2867.11
2013-09-16,2894.64
2013-09-17,2890.95
2013-09-18,2908.92
2013-09-19,2936.2
2013-09-20,2927.19
2013-09-23,2906.35
2013-09-24,2922.93
2013-09-25,2927.35
2013-09-26,2922.99
2013-09-27,2919.34
2013-09-30,2893.15
2013-10-01,2933.02
2013-10-02,2918.31
2013-10-03,2902.12
2013-10-04,2928.31
2013-10-07,2923.04
2013-10-08,2903.35
2013-10-09,2904.73
2013-10-10,2969.41
2013-10-11,2974.28
2013-10-14,2977.69
2013-10-15,3004.56
2013-10-16,3015.4
2013-10-17,3010.39
2013-10-18,3033.31
2013-10-21,3028.65
2013-10-22,3045.77
2013-10-23,3017.16
2013-10-24,3038.96
2013-10-25,3034.5
2013-10-28,3022.04
2013-10-29,3050.64
2013-10-30,3040.69
2013-10-31,3067.95
2013-11-01,3052.14
2013-11-04,3061.18
2013-11-05,3035.92
2013-11-06,3056.4
2013-11-07,3042.98
2013-11-08,3034.91
2013-11-11,3052.83
2013-11-12,3034.68
2013-11-13,3021.17
2013-11-14,3053.69
2013-11-15,3054.53
2013-11-18,3081.3
2013-11-19,3049.17
2013-11-20,3047.32
2013-11-21,3044.34
2013-11-22,3055.98
2013-11-25,3072.75
2013-11-26,3062.62
2013-11-27,3082.65
2013-11-28,3092.42
2013-11-29,3086.64
2013-12-02,3077.23
2013-12-03,3013.88
2013-12-04,2991.76
2013-12-05,2953.17
2013-12-06,2979.94
2013-12-09,2988.67
2013-12-10,2960.86
2013-12-11,2947.31
2013-12-12,2928.12
2013-12-13,2921.92
2013-12-16,2978.77
2013-12-17,2941.76
2013-12-18,2975.09
2013-12-19,3014.7
2013-12-20,3049.35
2013-12-23,3070.91
2013-12-27,3111.37
2013-12-30,3100.93
2014-01-03,3074.43
2014-01-06,3069.16
2014-01-07,3110.96
2014-01-08,3110.66
2014-01-09,3090.26
2014-01-10,3104.15
2014-01-13,3111.94
2014-01-14,3119.53
2014-01-15,3168.76
2014-01-16,3150.2
2014-01-17,3154.1
2014-01-20,3153.17
2014-01-21,3153.08
2014-01-22,3151.27
2014-01-23,3117.08
2014-01-24,3028.2
2014-01-27,3014.62
2014-01-28,3038.6
2014-01-29,3011.45
2014-01-30,3027.3
2014-01-31,3013.96
2014-02-03,2963.96
2014-02-04,2962.49
2014-02-05,2962.51
2014-02-06,3010.79
2014-02-07,3038.49
2014-02-10,3032.53
2014-02-11,3077.08
2014-02-12,3094.89
2014-02-13,3097.95
2014-02-14,3119.06
2014-02-18,3117.44
2014-02-19,3120.8
2014-02-20,3121.59
2014-02-21,3131.67
2014-02-24,3157.31
2014-02-25,3157.48
2014-02-26,3148.19
2014-02-27,3134.94
2014-02-28,3149.23
2014-03-03,3053.99
2014-03-04,3136.33
2014-03-05,3135.97
2014-03-06,3144.53
2014-03-07,3095.31
2014-03-10,3092.79
2014-03-11,3092.55
2014-03-12,3065.46
2014-03-13,3019.54
2014-03-14,3004.64
2014-03-17,3049.19
2014-03-18,3073.75
2014-03-19,3076.36
2014-03-20,3088.9
2014-03-21,3096.49
2014-03-24,3052.91
2014-03-25,3096.64
2014-03-26,3130.17
2014-03-27,3133.75
2014-03-28,3172.43
2014-03-31,3161.6
2014-04-01,3186.34
2014-04-02,3187.45
2014-04-03,3206.76
2014-04-04,3230.33
2014-04-07,3185.97
2014-04-08,3177.66
2014-04-09,3182.79
2014-04-10,3152.86
2014-04-11,3116.54
2014-04-14,3131.57
2014-04-15,3091.52
2014-04-16,3139.26
2014-04-17,3155.81
2014-04-22,3199.69
2014-04-23,3175.97
2014-04-24,3189.81
2014-04-25,3147.4
2014-04-28,3165.84
2014-04-29,3208.68
2014-04-30,3198.39
2014-05-02,3177.89
2014-05-05,3171.29
2014-05-06,3149.79
2014-05-07,3159.67
2014-05-08,3204.3
2014-05-09,3184.09
2014-05-12,3206.97
2014-05-13,3211.78
2014-05-14,3210.42
2014-05-15,3163.22
2014-05-16,3172.72
2014-05-19,3169.9
2014-05-20,3163.93
2014-05-21,3187.08
2014-05-22,3187.63
2014-05-23,3203.28
2014-05-26,3240.39
2014-05-27,3244.28
2014-05-28,3246.24
2014-05-30,3244.6
2014-06-02,3247.8
2014-06-03,3241.04
2014-06-04,3237.93
2014-06-05,3267.05
2014-06-06,3294.28
2014-06-10,3313.8
2014-06-11,3289.09
2014-06-12,3284.28
2014-06-13,3282.84
2014-06-16,3261.42
2014-06-17,3275.33
2014-06-18,3279.2
2014-06-19,3314.8
2014-06-20,3302.36
2014-06-23,3282.58
2014-06-24,3284.81
2014-06-25,3252.31
2014-06-26,3233.19
2014-06-27,3227.85
2014-06-30,3228.24
2014-07-01,3258.71
2014-07-02,3252.25
2014-07-03,3289.75
2014-07-04,3270.47
2014-07-07,3230.92
2014-07-08,3184.38
2014-07-09,3203.1
2014-07-10,3150.59
2014-07-11,3157.05
2014-07-14,3185.86
2014-07-15,3153.75
2014-07-16,3202.94
2014-07-17,3157.82
2014-07-18,3164.21
2014-07-21,3137.06
2014-07-22,3189.22
2014-07-23,3193.13
2014-07-24,3220.07
2014-07-25,3174.99
2014-07-28,3171.55
2014-07-29,3190.54
2014-07-30,3169.23
2014-07-31,3115.51
2014-08-04,3070.46
2014-08-05,3072.2
2014-08-06,3050.37
2014-08-07,3012.88
2014-08-08,3006.83
2014-08-11,3047.56
2014-08-12,3023.77
2014-08-13,3056.17
2014-08-14,3058.16
2014-08-15,3033.52
2014-08-18,3073.45
2014-08-19,3091.11
2014-08-20,3083.5
2014-08-21,3124.56
2014-08-22,3098.5
2014-08-25,3165.47
2014-08-26,3197.54
2014-08-27,3194.45
2014-08-28,3164.44
2014-08-29,3172.63
2014-09-01,3175.05
2014-09-02,3180.29
2014-09-03,3218.84
2014-09-04,3277.25
2014-09-05,3275.25
2014-09-08,3267.54
2014-09-09,3245.43
2014-09-10,3244.16
2014-09-11,3237.76
2014-09-12,3235.07
2014-09-15,3231.7
2014-09-16,3221.73
2014-09-17,3237.44
2014-09-18,3271.37
2014-09-19,3273.25
2014-09-22,3257.48
2014-09-23,3205.93
2014-09-24,3244.01
2014-09-25,3202.31
2014-09-26,3219.58
2014-09-29,3186.95
2014-09-30,3225.93
2014-10-01,3195.08
2014-10-02,3106.42
2014-10-03,3133.37
2014-10-06,3138.67
2014-10-07,3082.1
2014-10-08,3053.31
2014-10-09,3042.45
2014-10-10,2991.5
2014-10-13,2998.32
2014-10-14,3000.99
2014-10-15,2892.55
2014-10-16,2874.65
2014-10-17,2962.24
2014-10-20,2927.3
2014-10-21,2991.46
2014-10-22,3008.53
2014-10-23,3044.3
2014-10-24,3030.37
2014-10-27,2998.84
2014-10-28,3036.15
2014-10-29,3022.42
2014-10-30,3035.9
2014-10-31,3113.32
2014-11-03,3082.32
2014-11-04,3034.24
2014-11-05,3091.54
2014-11-06,3102.07
2014-11-07,3064.92
2014-11-10,3094.6
2014-11-11,3104.59
2014-11-12,3047.3
2014-11-13,3056.8
2014-11-14,3059.99
2014-11-17,3084.79
2014-11-18,3120.42
2014-11-19,3123.12
2014-11-20,3102.21
2014-11-21,3194.22
2014-11-24,3211.7
2014-11-25,3226.15
2014-11-26,3226.08
2014-11-27,3244.92
2014-11-28,3250.93
2014-12-01,3232.91
2014-12-02,3238.35
2014-12-03,3247.72
2014-12-04,3191.25
2014-12-05,3277.38
2014-12-08,3247.99
2014-12-09,3162.77
2014-12-10,3150.95
2014-12-11,3159.11
2014-12-12,3067.32
2014-12-15,2982.9
2014-12-16,3049.99
2014-12-17,3051.99
2014-12-18,3153.77
2014-12-19,3141.28
2014-12-22,3154.91
2014-12-23,3192.47
2014-12-30,3135.95
2015-01-05,3023.14
2015-01-07,3026.79
2015-01-08,3135.08
2015-01-09,3042.9
2015-01-12,3084.18
2015-01-13,3133.86
2015-01-14,3089.67
2015-01-15,3157.36
2015-01-16,3202.24
2015-01-19,3220.9
2015-01-20,3244.92
2015-01-21,3269.73
2015-01-22,3322.65
2015-01-23,3382.55
2015-01-26,3414.28
2015-01-27,3372.58
2015-01-28,3358.96
2015-01-29,3371.83
2015-01-30,3351.44
2015-02-02,3370.11
2015-02-03,3414.18
2015-02-04,3415.53
2015-02-05,3408.96
2015-02-06,3398.16
2015-02-09,3347.75
2015-02-10,3383.13
2015-02-11,3374.14
2015-02-12,3417.61
2015-02-13,3447.59
2015-02-16,3433.3
2015-02-17,3438.44
2015-02-18,3465.8
2015-02-19,3488.08
2015-02-20,3490.53
2015-02-23,3519.58
2015-02-24,3547.1
2015-02-25,3541.78
2015-02-26,3574.94
2015-02-27,3599.0
2015-03-02,3591.09
2015-03-03,3549.11
2015-03-04,3583.44
2015-03-05,3618.21
2015-03-06,3617.62
2015-03-09,3610.28
2015-03-10,3567.25
2015-03-11,3649.54
2015-03-12,3641.32
2015-03-13,3656.21
2015-03-16,3706.75
2015-03-17,3672.16
2015-03-18,3668.52
2015-03-19,3670.73
2015-03-20,3726.07
2015-03-23,3699.04
2015-03-24,3731.35
2015-03-25,3684.04
2015-03-26,3669.79
2015-03-27,3679.03
2015-03-30,3727.8
2015-03-31,3697.38
2015-04-01,3714.89
2015-04-02,3715.27
2015-04-07,3768.72
2015-04-08,3742.63
2015-04-09,3781.79
2015-04-10,3816.76
2015-04-13,3828.78
2015-04-14,3784.53
2015-04-15,3803.55
2015-04-16,3751.72
2015-04-17,3674.05
2015-04-20,3718.04
2015-04-21,3719.38
2015-04-22,3724.49
2015-04-23,3697.88
2015-04-24,3713.96
2015-04-27,3771.45
2015-04-28,3715.42
2015-04-29,3617.11
2015-04-30,3615.59
2015-05-04,3632.94
2015-05-05,3546.56
2015-05-06,3558.03
2015-05-07,3556.21
2015-05-08,3649.48
2015-05-11,3624.41
2015-05-12,3573.1
2015-05-13,3553.42
2015-05-15,3573.07
2015-05-18,3589.22
2015-05-19,3670.52
2015-05-20,3683.48
2015-05-21,3688.72
2015-05-22,3679.14
2015-05-26,3619.3
2015-05-27,3682.87
2015-05-28,3650.71
2015-05-29,3570.78
2015-06-01,3575.04
2015-06-02,3561.89
2015-06-03,3583.82
2015-06-04,3556.38
2015-06-05,3510.01
2015-06-08,3468.31
2015-06-09,3456.79
2015-06-10,3526.48
2015-06-11,3551.91
2015-06-12,3502.77
2015-06-15,3438.07
2015-06-16,3454.09
2015-06-17,3428.76
2015-06-18,3450.45
2015-06-19,3455.8
2015-06-22,3596.07
2015-06-23,3625.97
2015-06-24,3610.95
2015-06-25,3610.91
2015-06-26,3621.37
2015-06-29,3468.9
2015-06-30,3424.3
2015-07-01,3496.28
2015-07-02,3463.25
2015-07-03,3441.76
2015-07-06,3365.2
2015-07-07,3294.19
2015-07-08,3327.5
2015-07-09,3420.03
2015-07-10,3528.81
2015-07-13,3590.43
2015-07-14,3607.19
2015-07-15,3623.87
2015-07-16,3676.41
2015-07-17,3670.34
2015-07-20,3686.58
2015-07-21,3647.96
2015-07-22,3635.58
2015-07-23,3634.64
2015-07-24,3600.0
2015-07-27,3513.1
2015-07-28,3554.11
2015-07-29,3575.53
2015-07-30,3583.79
2015-07-31,3600.69
2015-08-03,3635.4
2015-08-04,3619.31
2015-08-05,3676.75
2015-08-06,3668.47
2015-08-07,3637.8
2015-08-10,3674.94
2015-08-11,3605.28
2015-08-12,3484.41
2015-08-13,3516.15
2015-08-14,3491.03
2015-08-17,3497.9
2015-08-18,3495.38
2015-08-19,3429.84
2015-08-20,3353.48
2015-08-21,3247.26
2015-08-24,3073.39
2015-08-25,3218.01
2015-08-26,3170.73
2015-08-27,3280.78
2015-08-28,3286.59
2015-08-31,3269.63
2015-09-01,3188.73
2015-09-02,3198.86
2015-09-03,3270.09
2015-09-04,3180.25
2015-09-07,3197.97
2015-09-08,3233.84
2015-09-09,3269.98
2015-09-10,3221.14
2015-09-11,3187.94
2015-09-14,3175.62
2015-09-15,3207.6
2015-09-16,3251.79
2015-09-17,3255.79
2015-09-18,3157.3
2015-09-21,3184.72
2015-09-22,3076.05
2015-09-23,3079.99
2015-09-24,3019.34
2015-09-25,3113.16
2015-09-28,3039.44
2015-09-29,3029.86
2015-09-30,3100.67
2015-10-01,3069.05
2015-10-02,3088.18
2015-10-05,3190.39
2015-10-06,3220.09
2015-10-07,3226.4
2015-10-08,3224.96
2015-10-09,3250.31
2015-10-12,3247.33
2015-10-13,3221.28
2015-10-14,3191.57
2015-10-15,3238.81
2015-10-16,3264.93
2015-10-19,3272.04
2015-10-20,3255.72
2015-10-21,3272.23
2015-10-22,3353.11
2015-10-23,3425.81
2015-10-26,3414.6
2015-10-27,3381.01
2015-10-28,3421.09
2015-10-29,3413.39
2015-10-30,3418.23
2015-11-02,3434.5
2015-11-03,3442.68
2015-11-04,3439.16
2015-11-05,3447.49
2015-11-06,3468.21
2015-11-09,3418.36
2015-11-10,3425.4
2015-11-11,3448.42
2015-11-12,3387.7
2015-11-13,3360.65
2015-11-16,3362.23
2015-11-17,3451.94
2015-11-18,3431.92
2015-11-19,3448.93
2015-11-20,3452.45
2015-11-23,3445.26
2015-11-24,3409.6
2015-11-25,3462.06
2015-11-26,3498.62
2015-11-27,3488.99
2015-11-30,3506.45
2015-12-01,3479.64
2015-12-02,3468.66
2015-12-03,3343.34
2015-12-04,3330.75
2015-12-07,3360.21
2015-12-08,3297.46
2015-12-09,3277.21
2015-12-10,3269.97
2015-12-11,3203.21
2015-12-14,3139.24
2015-12-15,3241.51
2015-12-16,3246.78
2015-12-17,3306.47
2015-12-18,3260.72
2015-12-21,3213.01
2015-12-22,3214.32
2015-12-23,3286.68
2015-12-28,3256.49
2015-12-29,3314.28
2015-12-30,3287.98
2016-01-04,3164.76
2016-01-05,3178.01
2016-01-06,3139.32
2016-01-07,3084.68
2016-01-08,3033.47
2016-01-11,3027.49
2016-01-12,3064.66
2016-01-13,3073.02
2016-01-14,3024.0
2016-01-15,2952.48
2016-01-18,2935.39
2016-01-19,2980.49
2016-01-20,2882.59
2016-01-21,2943.92
2016-01-22,3023.21
2016-01-25,3001.78
2016-01-26,3032.84
2016-01-27,3043.47
2016-01-28,2979.42
2016-01-29,3045.09
2016-02-01,3021.01
2016-02-02,2951.85
2016-02-03,2896.63
2016-02-04,2905.3
2016-02-05,2879.39
2016-02-08,2785.17
2016-02-09,2736.5
2016-02-10,2789.05
2016-02-11,2680.35
2016-02-12,2756.16
2016-02-15,2833.87
2016-02-16,2821.26
2016-02-17,2897.72
2016-02-18,2895.15
2016-02-19,2871.05
2016-02-22,2933.91
2016-02-23,2887.38
2016-02-24,2820.24
2016-02-25,2877.42
2016-02-26,2929.16
2016-02-29,2945.75
2016-03-01,2996.39
2016-03-02,3022.14
2016-03-03,3012.87
2016-03-04,3037.35
2016-03-07,3021.09
2016-03-08,3002.01
2016-03-09,3016.18
2016-03-10,2970.78
2016-03-11,3073.8
2016-03-14,3091.98
2016-03-15,3067.21
2016-03-16,3062.05
2016-03-17,3043.1
2016-03-18,3059.77
2016-03-21,3048.77
2016-03-22,3051.23
2016-03-23,3042.42
2016-03-24,2986.73
2016-03-29,3004.87
2016-03-30,3044.1
2016-03-31,3004.93
2016-04-01,2953.28
2016-04-04,2962.28
2016-04-05,2890.35
2016-04-06,2909.36
2016-04-07,2871.57
2016-04-08,2911.98
2016-04-11,2924.23
2016-04-12,2942.09
2016-04-13,3039.19
2016-04-14,3060.86
2016-04-15,3054.34
2016-04-18,3064.03
2016-04-19,3112.99
2016-04-20,3142.52
2016-04-21,3151.69
2016-04-22,3141.12
2016-04-25,3117.62
2016-04-26,3121.29
2016-04-27,3130.43
2016-04-28,3125.43
2016-04-29,3028.21
2016-05-02,3032.6
2016-05-03,2974.2
2016-05-04,2938.75
2016-05-06,2936.84
2016-05-09,2955.83
2016-05-10,2978.97
2016-05-11,2956.71
2016-05-12,2935.46
2016-05-13,2956.63
2016-05-17,2938.09
2016-05-18,2956.43
2016-05-19,2919.22
2016-05-20,2962.16
2016-05-23,2932.93
2016-05-24,3010.12
2016-05-25,3061.6
2016-05-26,3071.21
2016-05-27,3078.48
2016-05-30,3090.01
2016-05-31,3063.48
2016-06-01,3038.77
2016-06-02,3033.86
2016-06-03,2997.55
2016-06-06,3001.9
2016-06-07,3040.69
2016-06-08,3019.76
2016-06-09,2989.03
2016-06-10,2911.11
2016-06-13,2853.52
2016-06-14,2797.18
2016-06-15,2830.3
2016-06-16,2819.3
2016-06-17,2849.17
2016-06-20,2942.88
2016-06-21,2967.34
2016-06-22,2978.31
2016-06-23,3037.86
2016-06-24,2776.09
2016-06-27,2697.44
2016-06-28,2758.67
2016-06-29,2832.18
2016-06-30,2864.74
2016-07-01,2883.06
2016-07-04,2862.21
2016-07-05,2812.88
2016-07-06,2761.37
2016-07-07,2780.1
2016-07-08,2838.01
2016-07-11,2885.32
2016-07-12,2933.44
2016-07-13,2926.14
2016-07-14,2963.07
2016-07-15,2958.65
2016-07-18,2949.17
2016-07-19,2931.1
2016-07-20,2966.95
2016-07-21,2968.49
2016-07-22,2972.23
2016-07-25,2973.22
2016-07-26,2978.9
2016-07-27,2999.48
2016-07-28,2966.1
2016-07-29,2990.76
2016-08-02,2906.98
2016-08-03,2911.06
2016-08-04,2932.34
2016-08-05,2973.71
2016-08-08,2982.92
2016-08-09,3029.18
2016-08-10,3018.46
2016-08-11,3049.03
2016-08-12,3044.94
2016-08-15,3046.65
2016-08-16,3016.19
2016-08-17,2980.54
2016-08-18,2995.3
2016-08-19,2968.2
2016-08-22,2960.37
2016-08-23,2993.73
2016-08-24,3008.59
2016-08-25,2987.69
2016-08-26,3010.36
2016-08-29,2998.5
2016-08-30,3030.75
2016-08-31,3023.13
2016-09-01,3017.49
2016-09-02,3079.74
2016-09-05,3077.66
2016-09-06,3070.16
2016-09-07,3091.66
2016-09-08,3083.54
2016-09-09,3053.2
2016-09-12,3012.88
2016-09-13,2974.8
2016-09-14,2964.9
2016-09-15,2973.77
2016-09-16,2935.25
2016-09-19,2968.31
2016-09-20,2964.86
2016-09-21,2982.18
2016-09-22,3051.69
2016-09-23,3032.31
2016-09-26,2975.88
2016-09-27,2970.84
2016-09-28,2991.11
2016-09-29,2991.58
2016-09-30,3002.24
2016-10-03,2998.5
2016-10-04,3029.5
2016-10-05,3026.28
2016-10-06,3021.58
2016-10-07,3000.57
2016-10-10,3035.76
2016-10-11,3020.69
2016-10-12,3008.03
2016-10-13,2975.04
2016-10-14,3025.19
2016-10-17,3008.72
2016-10-18,3046.99
2016-10-19,3055.94
2016-10-20,3076.63
2016-10-21,3077.65
2016-10-24,3093.86
2016-10-25,3087.41
2016-10-26,3080.98
2016-10-27,3085.17
2016-10-28,3079.24
2016-10-31,3055.25
2016-11-01,3023.15
2016-11-02,2980.17
2016-11-03,2973.49
2016-11-04,2954.53
2016-11-07,3009.28
2016-11-08,3023.43
2016-11-09,3056.29
2016-11-10,3046.59
2016-11-11,3030.02
2016-11-14,3039.8
2016-11-15,3049.72
2016-11-16,3026.36
2016-11-17,3041.79
2016-11-18,3020.83
2016-11-21,3032.97
2016-11-22,3044.33
2016-11-23,3032.14
2016-11-24,3040.6
2016-11-25,3048.38
2016-11-28,3016.8
2016-11-29,3038.42
2016-11-30,3051.61
2016-12-01,3030.98
2016-12-02,3015.13
2016-12-05,3052.75
2016-12-06,3100.76
2016-12-07,3142.24
2016-12-08,3185.79
2016-12-09,3197.54
2016-12-12,3199.11
2016-12-13,3236.71
2016-12-14,3211.71
2016-12-15,3249.74
2016-12-16,3259.24
2016-12-19,3257.85
2016-12-20,3279.41
2016-12-21,3270.75
2016-12-22,3269.51
2016-12-23,3273.97
2016-12-27,3278.53
2016-12-28,3278.72
2016-12-29,3271.76
2016-12-30,3290.52
2017-01-03,3315.02
2017-01-04,3317.52
2017-01-05,3316.47
2017-01-06,3321.17
2017-01-09,3308.97
2017-01-10,3306.21
2017-01-11,3307.94
2017-01-12,3286.7
2017-01-13,3324.34
2017-01-16,3294.53
2017-01-17,3285.04
2017-01-18,3294.0
2017-01-19,3290.33
2017-01-20,3299.44
2017-01-23,3273.04
2017-01-24,3281.53
2017-01-25,3326.15
2017-01-26,3319.13
2017-01-27,3303.33
2017-01-30,3262.72
2017-01-31,3230.68
2017-02-01,3258.92
2017-02-02,3253.61
2017-02-03,3273.11
2017-02-06,3238.31
2017-02-07,3235.71
2017-02-08,3238.04
2017-02-09,3277.79
2017-02-10,3270.83
2017-02-13,3305.23
2017-02-14,3308.89
2017-02-15,3323.71
2017-02-16,3311.04
2017-02-17,3308.81
2017-02-20,3312.39
2017-02-21,3339.33
2017-02-22,3339.27
2017-02-23,3333.96
2017-02-24,3304.09
2017-02-27,3309.3
2017-02-28,3319.61
2017-03-01,3390.2
2017-03-02,3384.71
2017-03-03,3403.39
2017-03-06,3387.46
2017-03-07,3385.12
2017-03-08,3389.62
2017-03-09,3409.89
2017-03-10,3416.27
2017-03-13,3415.49
2017-03-14,3399.43
2017-03-15,3409.32
2017-03-16,3439.96
2017-03-17,3448.41
2017-03-20,3437.48
2017-03-21,3429.62
2017-03-22,3420.7
2017-03-23,3452.18
2017-03-24,3444.15
2017-03-27,3437.14
2017-03-28,3465.07
2017-03-29,3475.27
2017-03-30,3481.58
2017-03-31,3500.93
2017-04-03,3472.94
2017-04-04,3481.66
2017-04-05,3472.58
2017-04-06,3489.57
2017-04-07,3495.8
2017-04-10,3480.44
2017-04-11,3470.04
2017-04-12,3468.51
2017-04-13,3448.26
2017-04-18,3409.78
2017-04-19,3420.99
2017-04-20,3440.03
2017-04-21,3440.27
2017-04-24,3577.38
2017-04-25,3583.16
2017-04-26,3578.71
2017-04-27,3563.29
2017-04-28,3559.59
2017-05-02,3578.21
2017-05-03,3586.25
2017-05-04,3627.88
2017-05-05,3658.79
2017-05-08,3642.11
2017-05-09,3649.08
2017-05-10,3645.74
2017-05-11,3623.55
2017-05-12,3637.52
2017-05-15,3641.88
2017-05-16,3641.89
2017-05-17,3584.83
2017-05-18,3562.22
2017-05-19,3587.01
2017-05-22,3576.53
2017-05-23,3595.03
2017-05-24,3586.62
2017-05-26,3579.02
2017-05-29,3578.95
2017-05-30,3561.22
2017-05-31,3554.59
2017-06-01,3567.02
2017-06-02,3591.82
2017-06-06,3554.18
2017-06-07,3548.84
2017-06-08,3563.88
2017-06-09,3586.07
2017-06-12,3543.95
2017-06-13,3557.87
2017-06-14,3547.15
2017-06-15,3525.46
2017-06-16,3543.88
2017-06-19,3579.58
2017-06-20,3560.66
2017-06-21,3554.35
2017-06-22,3555.76
2017-06-23,3543.68
2017-06-26,3561.76
2017-06-27,3538.32
2017-06-28,3535.7
2017-06-29,3471.33
2017-06-30,3441.88
2017-07-03,3491.81
2017-07-04,3479.47
2017-07-05,3478.41
2017-07-06,3462.06
2017-07-07,3463.84
2017-07-10,3478.06
2017-07-11,3464.48
2017-07-12,3515.23
2017-07-13,3527.83
2017-07-14,3525.94
2017-07-17,3516.35
2017-07-18,3478.68
2017-07-19,3500.28
2017-07-20,3499.49
2017-07-21,3451.71
2017-07-24,3453.17
2017-07-25,3473.54
2017-07-26,3491.19
2017-07-27,3493.14
2017-07-28,3467.73
2017-07-31,3449.36
2017-08-02,3459.32
2017-08-03,3466.37
2017-08-04,3507.41
2017-08-07,3505.8
2017-08-08,3515.63
2017-08-09,3468.45
2017-08-10,3433.54
2017-08-11,3406.34
2017-08-14,3450.66
2017-08-15,3461.91
2017-08-16,3484.57
2017-08-17,3461.97
2017-08-18,3446.03
2017-08-21,3423.53
2017-08-22,3455.59
2017-08-23,3438.63
2017-08-24,3444.73
2017-08-25,3438.55
2017-08-28,3421.03
2017-08-29,3388.22
2017-08-30,3403.71
2017-08-31,3421.47
2017-09-01,3443.88
2017-09-04,3430.42
2017-09-05,3420.86
2017-09-06,3433.8
2017-09-07,3447.66
2017-09-08,3447.69
2017-09-11,3495.19
2017-09-12,3512.56
2017-09-13,3523.14
2017-09-14,3526.48
2017-09-15,3515.55
2017-09-18,3526.74
2017-09-19,3531.18
2017-09-20,3525.55
2017-09-21,3539.59
2017-09-22,3541.42
2017-09-25,3537.81
2017-09-26,3536.38
2017-09-27,3555.17
2017-09-28,3563.64
2017-09-29,3594.85
2017-10-02,3602.69
2017-10-03,3605.73
2017-10-04,3594.91
2017-10-05,3613.54
2017-10-06,3603.32
2017-10-09,3610.5
2017-10-10,3598.79
2017-10-11,3607.39
2017-10-12,3605.54
2017-10-13,3604.55
2017-10-16,3606.27
2017-10-17,3607.77
2017-10-18,3619.65
2017-10-19,3602.08
2017-10-20,3605.09
2017-10-23,3608.87
2017-10-24,3610.69
2017-10-25,3591.46
2017-10-26,3637.2
2017-10-27,3652.23
2017-10-30,3662.18
2017-10-31,3673.95
2017-11-01,3697.4
2017-11-02,3688.8
2017-11-03,3689.96
2017-11-06,3682.36
2017-11-07,3658.77
2017-11-08,3655.04
2017-11-09,3612.5
2017-11-10,3593.76
2017-11-13,3574.52
2017-11-14,3556.38
2017-11-15,3545.72
2017-11-16,3564.8
2017-11-17,3547.46
2017-11-20,3561.41
2017-11-21,3579.32
2017-11-22,3562.65
2017-11-23,3572.07
2017-11-24,3581.23
2017-11-27,3564.02
2017-11-28,3583.49
2017-11-29,3589.91
2017-11-30,3569.93
2017-12-01,3527.55
2017-12-04,3576.22
2017-12-05,3570.57
2017-12-06,3561.57
2017-12-07,3573.13
2017-12-08,3591.45
2017-12-11,3582.21
2017-12-12,3600.35
2017-12-13,3581.75
2017-12-14,3556.22
2017-12-15,3560.53
2017-12-18,3609.42
2017-12-19,3582.22
2017-12-20,3552.65
2017-12-21,3570.78
2017-12-22,3553.39
2017-12-27,3550.17
2017-12-28,3524.31
2017-12-29,3503.96
2018-01-03,3509.88
2018-01-04,3568.88
2018-01-05,3607.63
2018-01-08,3616.45
2018-01-09,3622.87
2018-01-10,3609.83
2018-01-11,3595.24
2018-01-12,3612.61
2018-01-15,3611.81
2018-01-16,3622.01
2018-01-17,3612.78
2018-01-18,3620.91
2018-01-19,3649.07
2018-01-22,3665.28
2018-01-23,3672.29
2018-01-24,3643.22
2018-01-25,3630.15
2018-01-26,3647.41
2018-01-29,3643.04
2018-01-30,3606.75
2018-01-31,3609.29
2018-02-01,3577.35
2018-02-02,3523.28
2018-02-05,3478.77
2018-02-06,3394.92
2018-02-07,3454.52
2018-02-08,3377.3
2018-02-09,3325.99
2018-02-12,3368.25
2018-02-13,3340.93
2018-02-14,3369.83
2018-02-15,3389.63
2018-02-16,3426.8
2018-02-19,3407.79
2018-02-20,3435.08
2018-02-21,3430.16
2018-02-22,3431.99
2018-02-23,3441.46
2018-02-26,3463.18
2018-02-27,3458.03
2018-02-28,3438.96
2018-03-01,3399.16
2018-03-02,3324.75
2018-03-05,3355.32
2018-03-06,3357.86
2018-03-07,3377.36
2018-03-08,3413.28
2018-03-09,3420.54
2018-03-12,3429.48
2018-03-13,3397.35
2018-03-14,3390.98
2018-03-15,3414.13
2018-03-16,3437.4
2018-03-19,3394.79
2018-03-20,3412.08
2018-03-21,3401.04
2018-03-22,3348.19
2018-03-23,3298.07
2018-03-26,3278.72
2018-03-27,3316.95
2018-03-28,3331.25
2018-03-29,3361.5
2018-04-03,3346.93
2018-04-04,3340.35
2018-04-05,3429.95
2018-04-06,3408.1
2018-04-09,3414.85
2018-04-10,3438.78
2018-04-11,3419.71
2018-04-12,3443.97
2018-04-13,3448.0
2018-04-16,3441.04
2018-04-17,3477.91
2018-04-18,3490.89
2018-04-19,3486.6
2018-04-20,3494.2
2018-04-23,3513.06
2018-04-24,3510.88
2018-04-25,3485.83
2018-04-26,3506.03
2018-04-27,3518.78
2018-04-30,3536.52
2018-05-02,3553.79
2018-05-03,3529.12
2018-05-04,3550.59
2018-05-07,3564.19
2018-05-08,3557.88
2018-05-09,3569.74
2018-05-11,3565.52
2018-05-14,3565.74
2018-05-15,3564.29
2018-05-16,3562.85
2018-05-17,3592.18
2018-05-18,3573.76
2018-05-22,3587.25
2018-05-23,3541.82
2018-05-24,3521.76
2018-05-25,3515.36
2018-05-28,3482.64
2018-05-29,3428.14
2018-05-30,3441.19
2018-05-31,3406.65
2018-06-01,3453.54
2018-06-04,3469.57
2018-06-05,3456.79
2018-06-06,3460.82
2018-06-07,3459.77
2018-06-08,3447.3
2018-06-11,3480.22
2018-06-12,3475.58
2018-06-13,3479.56
2018-06-14,3527.11
2018-06-15,3505.02
2018-06-18,3466.65
2018-06-19,3435.3
2018-06-20,3439.6
2018-06-21,3403.51
2018-06-22,3441.6
2018-06-25,3369.21
2018-06-26,3368.72
2018-06-27,3397.13
2018-06-28,3365.52
2018-06-29,3395.6
2018-07-02,3372.21
2018-07-03,3406.34
2018-07-04,3412.03
2018-07-05,3440.92
2018-07-06,3448.49
2018-07-09,3460.44
2018-07-10,3473.31
2018-07-11,3422.35
2018-07-12,3445.49
2018-07-13,3454.54
2018-07-16,3449.08
2018-07-17,3457.5
2018-07-18,3485.08
2018-07-19,3471.64
2018-07-20,3460.03
2018-07-23,3454.05
2018-07-24,3483.31
2018-07-25,3468.45
2018-07-26,3509.26
2018-07-27,3527.18
2018-07-30,3512.31
2018-07-31,3525.49
2018-08-02,3469.21
2018-08-03,3482.4
2018-08-06,3483.3
2018-08-07,3504.37
2018-08-08,3493.6
2018-08-09,3494.13
2018-08-10,3426.28
2018-08-13,3409.68
2018-08-14,3409.44
2018-08-15,3359.08
2018-08-16,3377.56
2018-08-17,3372.94
2018-08-20,3393.67
2018-08-21,3411.66
2018-08-22,3420.18
2018-08-23,3419.26
2018-08-24,3427.44
2018-08-27,3456.01
2018-08-28,3447.57
2018-08-29,3456.13
2018-08-30,3430.99
2018-08-31,3392.9
2018-09-03,3394.99
2018-09-04,3359.36
2018-09-05,3315.62
2018-09-06,3295.95
2018-09-07,3293.36
2018-09-10,3309.28
2018-09-11,3311.66
2018-09-12,3326.6
2018-09-13,3333.68
2018-09-14,3344.63
2018-09-17,3346.11
2018-09-18,3358.46
2018-09-19,3368.56
2018-09-20,3403.12
2018-09-21,3430.81
2018-09-24,3410.44
2018-09-25,3419.78
2018-09-26,3433.15
2018-09-27,3449.79
2018-09-28,3399.2
2018-10-01,3414.16
2018-10-02,3388.99
2018-10-03,3405.48
2018-10-04,3375.08
2018-10-05,3345.51
2018-10-08,3309.72
2018-10-09,3321.79
2018-10-10,3266.9
2018-10-11,3209.19
2018-10-12,3194.41
2018-10-15,3210.37
2018-10-16,3257.34
2018-10-17,3243.08
2018-10-18,3211.59
2018-10-19,3210.82
2018-10-22,3190.09
2018-10-23,3140.94
2018-10-24,3130.33
2018-10-25,3164.4
2018-10-26,3134.89
2018-10-29,3154.93
2018-10-30,3147.13
2018-10-31,3197.51
2018-11-01,3204.21
2018-11-02,3214.41
2018-11-05,3217.37
2018-11-06,3207.42
2018-11-07,3246.16
2018-11-08,3237.6
2018-11-09,3229.49
2018-11-12,3194.08
2018-11-13,3224.82
2018-11-14,3205.36
2018-11-15,3190.31
2018-11-16,3180.74
2018-11-19,3160.33
2018-11-20,3116.07
2018-11-21,3153.91
2018-11-22,3126.67
2018-11-23,3137.21
2018-11-26,3172.71
2018-11-27,3166.42
2018-11-28,3168.29
2018-11-29,3174.16
2018-11-30,3173.13
2018-12-03,3214.99
2018-12-04,3189.25
2018-12-05,3150.27
2018-12-06,3045.94
2018-12-07,3058.53
2018-12-10,3016.99
2018-12-11,3055.32
2018-12-12,3107.97
2018-12-13,3112.17
2018-12-14,3092.6
2018-12-17,3063.65
2018-12-18,3040.13
2018-12-19,3051.38
2018-12-20,3000.06
2018-12-21,3000.61
2018-12-27,2937.36
2018-12-28,2986.53
2019-01-03,2954.66
2019-01-04,3041.85
2019-01-07,3033.64
2019-01-08,3054.94
2019-01-09,3070.24
2019-01-10,3075.73
2019-01-11,3070.04
2019-01-14,3055.18
2019-01-15,3068.05
2019-01-16,3077.22
2019-01-17,3069.35
2019-01-18,3134.92
2019-01-21,3125.07
2019-01-22,3112.8
2019-01-23,3112.13
2019-01-24,3126.31
2019-01-25,3163.24
2019-01-28,3137.27
2019-01-29,3153.42
2019-01-30,3161.74
2019-01-31,3159.43
2019-02-01,3171.12
2019-02-04,3165.2
2019-02-05,3215.04
2019-02-06,3212.75
2019-02-07,3150.76
2019-02-08,3135.62
2019-02-11,3165.61
2019-02-12,3190.75
2019-02-13,3202.37
2019-02-14,3182.66
2019-02-15,3241.25
2019-02-18,3244.79
2019-02-19,3239.41
2019-02-20,3259.49
2019-02-21,3263.7
2019-02-22,3270.55
2019-02-25,3280.01
2019-02-26,3289.32
2019-02-27,3282.77
2019-02-28,3298.26
2019-03-01,3312.1
2019-03-04,3317.12
2019-03-05,3327.19
2019-03-06,3324.67
2019-03-07,3308.85
2019-03-08,3283.6
2019-03-11,3304.44
2019-03-12,3303.95
2019-03-13,3323.45
2019-03-14,3342.03
2019-03-15,3386.08
2019-03-18,3387.94
2019-03-19,3409.0
2019-03-20,3372.38
2019-03-21,3367.4
2019-03-22,3305.73
2019-03-25,3300.48
2019-03-26,3319.53
2019-03-27,3322.04
2019-03-28,3320.29
2019-03-29,3351.71
2019-04-01,3385.38
2019-04-02,3395.7
2019-04-03,3435.56
2019-04-04,3441.93
2019-04-05,3447.47
2019-04-08,3438.06
2019-04-09,3417.22
2019-04-10,3424.65
2019-04-11,3435.34
2019-04-12,3447.83
2019-04-15,3450.46
2019-04-16,3463.36
2019-04-17,3477.73
2019-04-18,3499.23
2019-04-23,3503.85
2019-04-24,3502.63
2019-04-25,3491.92
2019-04-26,3500.41
2019-04-29,3501.94
2019-04-30,3514.62
2019-05-02,3488.93
2019-05-03,3502.48
2019-05-06,3462.95
2019-05-07,3401.16
2019-05-08,3417.26
2019-05-09,3350.71
2019-05-10,3361.05
2019-05-13,3320.78
2019-05-14,3364.38
2019-05-15,3385.78
2019-05-16,3438.56
2019-05-17,3425.64
2019-05-20,3369.78
2019-05-21,3386.51
2019-05-22,3386.72
2019-05-23,3327.2
2019-05-24,3350.7
2019-05-27,3364.04
2019-05-28,3348.86
2019-05-29,3297.81
2019-05-31,3280.43
2019-06-03,3300.22
2019-06-04,3333.49
2019-06-05,3339.95
2019-06-06,3338.41
2019-06-07,3378.38
2019-06-11,3401.1
2019-06-12,3386.63
2019-06-13,3390.5
2019-06-14,3379.19
2019-06-17,3383.21
2019-06-18,3452.89
2019-06-19,3454.7
2019-06-20,3468.08
2019-06-21,3466.92
2019-06-24,3455.57
2019-06-25,3444.36
2019-06-26,3442.95
2019-06-27,3442.38
2019-06-28,3473.69
2019-07-01,3497.59
2019-07-02,3507.98
2019-07-03,3540.63
2019-07-04,3544.15
2019-07-05,3527.98
2019-07-08,3523.76
2019-07-09,3509.75
2019-07-10,3501.52
2019-07-11,3496.73
2019-07-12,3497.63
2019-07-15,3502.22
2019-07-16,3521.36
2019-07-17,3501.58
2019-07-18,3482.83
2019-07-19,3480.18
2019-07-22,3489.92
2019-07-23,3532.87
2019-07-24,3532.9
2019-07-25,3510.15
2019-07-26,3524.47
2019-07-29,3523.58
2019-07-30,3462.85
2019-07-31,3466.85
2019-08-02,3376.12
2019-08-05,3310.93
2019-08-06,3291.66
2019-08-07,3309.99
2019-08-08,3375.38
2019-08-09,3333.74
2019-08-12,3326.55
2019-08-13,3357.16
2019-08-14,3288.7
2019-08-15,3282.78
2019-08-16,3329.08
2019-08-19,3369.19
2019-08-20,3350.23
2019-08-21,3394.89
2019-08-22,3373.67
2019-08-23,3334.25
2019-08-26,3348.84
2019-08-27,3370.47
2019-08-28,3365.38
2019-08-29,3411.33
2019-08-30,3426.76
2019-09-02,3432.54
2019-09-03,3420.74
2019-09-04,3450.83
2019-09-05,3484.7
2019-09-06,3495.19
2019-09-09,3495.02
2019-09-10,3498.99
2019-09-11,3516.82
2019-09-12,3538.86
2019-09-13,3550.11
2019-09-16,3518.45
2019-09-17,3521.26
2019-09-18,3528.04
2019-09-19,3552.65
2019-09-20,3571.39
2019-09-23,3536.97
2019-09-24,3532.05
2019-09-25,3513.03
2019-09-26,3532.18
2019-09-27,3545.88
2019-09-30,3569.45
2019-10-01,3518.25
2019-10-02,3413.31
2019-10-03,3417.37
2019-10-04,3446.71
2019-10-07,3471.24
2019-10-08,3432.76
2019-10-09,3462.11
2019-10-10,3493.96
2019-10-11,3569.92
2019-10-14,3556.26
2019-10-15,3598.65
2019-10-16,3599.25
2019-10-17,3588.62
2019-10-18,3579.41
2019-10-21,3600.08
2019-10-22,3604.82
2019-10-23,3606.89
2019-10-24,3621.37
2019-10-25,3624.68
2019-10-28,3625.69
2019-10-29,3622.09
2019-10-30,3620.29
2019-10-31,3604.41
2019-11-01,3623.74
2019-11-04,3665.21
2019-11-05,3676.52
2019-11-06,3688.74
2019-11-07,3706.68
2019-11-08,3699.65
2019-11-11,3696.82
2019-11-12,3712.2
2019-11-13,3699.5
2019-11-14,3688.81
2019-11-15,3711.61
2019-11-18,3704.92
2019-11-19,3696.56
2019-11-20,3683.88
2019-11-21,3679.66
2019-11-22,3687.32
2019-11-25,3707.68
2019-11-26,3705.55
2019-11-27,3712.85
2019-11-28,3704.48
2019-11-29,3703.58
2019-12-02,3626.66
2019-12-03,3610.99
2019-12-04,3660.02
2019-12-05,3648.13
2019-12-06,3692.34
2019-12-09,3672.18
2019-12-10,3671.78
2019-12-11,3687.45
2019-12-12,3706.35
2019-12-13,3731.07
2019-12-16,3772.74
2019-12-17,3745.28
2019-12-18,3739.0
2019-12-19,3739.17
2019-12-20,3776.56
2019-12-23,3776.66
2019-12-27,3782.27
2019-12-30,3748.47
2020-01-03,3773.37
2020-01-06,3752.52
2020-01-07,3759.25
2020-01-08,3772.56
2020-01-09,3795.88
2020-01-10,3789.52
2020-01-13,3779.68
2020-01-14,3774.88
2020-01-15,3768.96
2020-01-16,3774.14
2020-01-17,3808.26
2020-01-20,3799.03
2020-01-21,3789.12
2020-01-22,3769.79
2020-01-23,3736.85
2020-01-24,3779.16
2020-01-27,3677.84
2020-01-28,3719.22
2020-01-29,3736.36
2020-01-30,3690.78
2020-01-31,3640.91
2020-02-03,3661.27
2020-02-04,3732.28
2020-02-05,3777.84
2020-02-06,3805.52
2020-02-07,3798.49
2020-02-10,3793.18
2020-02-11,3825.84
2020-02-12,3854.43
2020-02-13,3846.74
2020-02-14,3840.97
2020-02-17,3853.27
2020-02-18,3836.54
2020-02-19,3865.18
2020-02-20,3822.98
2020-02-21,3800.38
2020-02-24,3647.98
2020-02-25,3572.51
2020-02-26,3577.68
2020-02-27,3455.92
2020-02-28,3329.49
2020-03-02,3338.83
2020-03-03,3371.97
2020-03-04,3420.56
2020-03-05,3363.58
2020-03-06,3232.07
2020-03-09,2959.07
2020-03-10,2910.02
2020-03-11,2905.56
2020-03-12,2545.23
2020-03-13,2586.02
2020-03-16,2450.37
2020-03-17,2530.5
2020-03-18,2385.82
2020-03-19,2454.08
2020-03-20,2548.5
2020-03-23,2485.54
2020-03-24,2715.11
2020-03-25,2800.14
2020-03-26,2847.78
2020-03-27,2728.65
2020-03-30,2765.62
2020-03-31,2786.9
2020-04-01,2680.3
2020-04-02,2688.49
2020-04-03,2662.99
2020-04-06,2795.97
2020-04-07,2857.67
2020-04-08,2851.27
2020-04-09,2892.79
2020-04-14,2917.74
2020-04-15,2808.2
2020-04-16,2812.35
2020-04-17,2888.3
2020-04-20,2909.5
2020-04-21,2791.34
2020-04-22,2834.9
2020-04-23,2852.46
2020-04-24,2809.07
2020-04-27,2882.09
2020-04-28,2932.06
2020-04-29,2996.08
2020-04-30,2927.93
2020-05-04,2816.48
2020-05-05,2875.91
2020-05-06,2843.76
2020-05-07,2880.6
2020-05-08,2908.11
2020-05-11,2883.75
2020-05-12,2884.2
2020-05-13,2810.55
2020-05-14,2760.23
2020-05-15,2770.7
2020-05-18,2911.88
2020-05-19,2902.58
2020-05-20,2942.39
2020-05-22,2905.47
2020-05-25,2971.35
2020-05-26,2999.22
2020-05-27,3051.08
2020-05-28,3094.47
2020-05-29,3050.2
2020-06-02,3159.02
2020-06-03,3269.59
2020-06-04,3261.67
2020-06-05,3384.29
2020-06-08,3366.29
2020-06-09,3320.71
2020-06-10,3293.71
2020-06-11,3144.57
2020-06-12,3153.74
2020-06-15,3136.4
2020-06-16,3242.65
2020-06-17,3267.26
2020-06-18,3249.9
2020-06-19,3269.1
2020-06-22,3241.69
2020-06-23,3298.83
2020-06-24,3196.12
2020-06-25,3218.91
2020-06-26,3204.17
2020-06-29,3232.02
2020-06-30,3234.07
2020-07-01,3228.45
2020-07-02,3320.09
2020-07-03,3294.38
2020-07-06,3350.03
2020-07-07,3321.56
2020-07-08,3286.09
2020-07-09,3261.17
2020-07-10,3296.22
2020-07-13,3350.0
2020-07-14,3321.39
2020-07-15,3378.21
2020-07-16,3365.35
2020-07-17,3365.6
2020-07-20,3388.34
2020-07-21,3405.35
2020-07-22,3370.76
2020-07-23,3371.74
2020-07-24,3310.89
2020-07-27,3302.84
2020-07-28,3303.56
2020-07-29,3300.16
2020-07-30,3208.2
2020-07-31,3174.32
2020-08-03,3248.28
2020-08-04,3254.29
2020-08-05,3268.38
2020-08-06,3240.39
2020-08-07,3252.65
2020-08-10,3259.71
2020-08-11,3332.12
2020-08-12,3363.18
2020-08-13,3342.85
2020-08-14,3305.05
2020-08-17,3305.85
2020-08-18,3289.64
2020-08-19,3317.62
2020-08-20,3273.98
2020-08-21,3259.75
2020-08-24,3331.74
2020-08-25,3329.71
2020-08-26,3356.76
2020-08-27,3331.04
2020-08-28,3315.54
2020-08-31,3272.51
2020-09-01,3277.58
2020-09-02,3337.77
2020-09-03,3304.22
2020-09-04,3260.59
2020-09-07,3314.07
2020-09-08,3267.37
2020-09-09,3324.83
2020-09-10,3312.77
2020-09-11,3315.81
2020-09-14,3316.79
2020-09-15,3332.26
2020-09-16,3338.84
2020-09-17,3316.57
2020-09-18,3283.69
2020-09-21,3160.95
2020-09-22,3164.13
2020-09-23,3180.11
2020-09-24,3159.64
2020-09-25,3137.06
2020-09-28,3223.19
2020-09-29,3214.3
2020-09-30,3193.61
2020-10-01,3194.09
2020-10-02,3190.93
2020-10-05,3220.22
2020-10-06,3233.3
2020-10-07,3233.43
2020-10-08,3255.76
2020-10-09,3273.12
2020-10-12,3298.12
2020-10-13,3279.19
2020-10-14,3273.28
2020-10-15,3192.69
2020-10-16,3245.47
2020-10-19,3242.51
2020-10-20,3227.87
2020-10-21,3180.7
2020-10-22,3171.41
2020-10-23,3198.86
2020-10-26,3105.25
2020-10-27,3070.6
2020-10-28,2963.54
2020-10-29,2960.03
2020-10-30,2958.21
2020-11-02,3019.54
2020-11-03,3098.72
2020-11-04,3161.07
2020-11-05,3215.56
2020-11-06,3204.05
2020-11-09,3407.91
2020-11-10,3442.62
2020-11-11,3467.3
2020-11-12,3428.2
2020-11-13,3432.07
2020-11-16,3466.21
2020-11-17,3468.48
2020-11-18,3482.17
2020-11-19,3451.97
2020-11-20,3467.6
2020-11-23,3463.04
2020-11-24,3507.98
2020-11-25,3511.9
2020-11-26,3510.94
2020-11-27,3527.79
2020-11-30,3492.54
2020-12-01,3525.24
2020-12-02,3521.32
2020-12-03,3517.1
2020-12-04,3539.27
2020-12-07,3530.08
2020-12-08,3525.87
2020-12-09,3529.02
2020-12-10,3522.31
2020-12-11,3485.84
2020-12-14,3503.96
2020-12-15,3521.5
2020-12-16,3543.0
2020-12-17,3560.87
2020-12-18,3545.74
2020-12-21,3448.68
2020-12-22,3497.49
2020-12-23,3539.26
2020-12-28,3575.41
2020-12-29,3581.37
2020-12-30,3571.59
2021-01-04,3564.39
2021-01-05,3547.85
2021-01-06,3611.08
2021-01-07,3622.42
2021-01-08,3645.05
2021-01-11,3620.62
2021-01-12,3612.13
2021-01-13,3616.51
2021-01-14,3641.37
2021-01-15,3599.55
2021-01-18,3602.67
2021-01-19,3595.42
2021-01-20,3624.04
2021-01-21,3618.35
2021-01-22,3602.41
2021-01-25,3553.14
2021-01-26,3592.83
2021-01-27,3536.38
2021-01-28,3557.04
2021-01-29,3481.44
2021-02-01,3530.85
2021-02-02,3590.46
2021-02-03,3609.75
2021-02-04,3642.12
2021-02-05,3655.77
2021-02-08,3665.51
2021-02-09,3661.13
2021-02-10,3648.37
2021-02-11,3671.68
2021-02-12,3695.61
2021-02-15,3734.2
2021-02-16,3726.4
2021-02-17,3699.85
2021-02-18,3681.04
2021-02-19,3713.46
2021-02-22,3699.85
2021-02-23,3689.1
2021-02-24,3705.99
2021-02-25,3685.28
2021-02-26,3636.44
2021-03-01,3706.62
2021-03-02,3707.72
2021-03-03,3712.78
2021-03-04,3704.85
2021-03-05,3669.54
2021-03-08,3763.24
2021-03-09,3786.05
2021-03-10,3819.92
2021-03-11,3845.64
2021-03-12,3833.36
2021-03-15,3829.84
2021-03-16,3850.96
2021-03-17,3849.74
2021-03-18,3867.54
2021-03-19,3837.02
2021-03-22,3833.84
2021-03-23,3827.02
2021-03-24,3832.55
2021-03-25,3832.57
2021-03-26,3866.68
2021-03-29,3882.87
2021-03-30,3926.2
2021-03-31,3919.21
2021-04-01,3945.96
2021-04-06,3970.42
2021-04-07,3956.77
2021-04-08,3977.83
2021-04-09,3978.84
2021-04-12,3961.9
2021-04-13,3966.99
2021-04-14,3976.28
2021-04-15,3993.43
2021-04-16,4032.99
2021-04-19,4019.91
2021-04-20,3940.46
2021-04-21,3976.41
2021-04-22,4014.8
2021-04-23,4013.34
2021-04-26,4020.83
2021-04-27,4011.91
2021-04-28,4015.03
2021-04-29,3996.9
2021-04-30,3974.74
2021-05-03,4000.25
2021-05-04,3924.8
2021-05-05,4002.79
2021-05-06,3999.44
2021-05-07,4034.25
2021-05-10,4023.35
2021-05-11,3946.06
2021-05-12,3947.43
2021-05-14,4017.44
2021-05-17,4006.84
2021-05-18,4005.34
2021-05-19,3936.74
2021-05-20,3999.91
2021-05-21,4025.78
2021-05-25,4036.04
2021-05-26,4031.67
2021-05-27,4039.21
2021-05-28,4070.56
2021-05-31,4039.46
2021-06-01,4071.75
2021-06-02,4088.5
2021-06-03,4079.24
2021-06-04,4089.38
2021-06-07,4097.65
2021-06-08,4096.01
2021-06-09,4096.85
2021-06-10,4096.07
2021-06-11,4126.7
2021-06-14,4132.67
2021-06-15,4143.52
2021-06-16,4151.76
2021-06-17,4158.14
2021-06-18,4083.37
2021-06-21,4112.33
2021-06-22,4123.13
2021-06-23,4075.94
2021-06-24,4122.43
2021-06-25,4120.66
2021-06-28,4089.91
2021-06-29,4107.51
2021-06-30,4064.3
2021-07-01,4078.89
2021-07-02,4084.31
2021-07-05,4087.37
2021-07-06,4052.67
2021-07-07,4078.53
2021-07-08,3991.66
2021-07-09,4068.09
2021-07-12,4093.38
2021-07-13,4094.56
2021-07-14,4099.5
2021-07-15,4056.39
2021-07-16,4035.77
2021-07-19,3928.53
2021-07-20,3956.34
2021-07-21,4026.68
2021-07-22,4059.05
2021-07-23,4109.1
2021-07-26,4102.59
2021-07-27,4064.83
2021-07-28,4103.03
2021-07-29,4116.77
2021-07-30,4089.3
2021-08-02,4116.62
2021-08-03,4117.95
2021-08-04,4144.9
2021-08-05,4161.08
2021-08-06,4174.54
2021-08-09,4177.15
2021-08-10,4187.82
2021-08-11,4206.33
2021-08-12,4226.33
2021-08-13,4229.7
2021-08-16,4202.44
2021-08-17,4196.4
2021-08-18,4189.42
2021-08-19,4124.71
2021-08-20,4147.5
2021-08-23,4176.42
2021-08-24,4178.08
2021-08-25,4181.12
2021-08-26,4169.87
2021-08-27,4190.98
2021-08-30,4198.8
2021-08-31,4196.41
2021-09-01,4227.27
2021-09-02,4232.1
2021-09-03,4201.98
2021-09-06,4246.13
2021-09-07,4225.01
2021-09-08,4177.15
2021-09-09,4177.11
2021-09-10,4170.35
2021-09-13,4189.53
2021-09-14,4191.67
2021-09-15,4145.94
2021-09-16,4169.87
2021-09-17,4130.84
2021-09-20,4043.63
2021-09-21,4097.51
2021-09-22,4150.19
2021-09-23,4194.92
2021-09-24,4158.51
2021-09-27,4165.48
2021-09-28,4058.82
2021-09-29,4080.22
2021-09-30,4048.08
2021-10-01,4035.3
2021-10-04,3996.41
2021-10-05,4065.43
2021-10-06,4012.65
2021-10-07,4098.34
2021-10-08,4073.29
2021-10-11,4072.52
2021-10-12,4055.09
2021-10-13,4083.28
2021-10-14,4149.06
2021-10-15,4182.91
2021-10-18,4151.4
2021-10-19,4166.83
2021-10-20,4172.17
2021-10-21,4155.73
2021-10-22,4188.81
2021-10-25,4188.31
2021-10-26,4223.97
2021-10-27,4220.88
2021-10-28,4233.87
2021-10-29,4250.56
2021-11-01,4280.47
2021-11-02,4296.22
2021-11-03,4309.61
2021-11-04,4333.34
2021-11-05,4363.04
2021-11-08,4352.53
2021-11-09,4344.63
2021-11-10,4348.82
2021-11-11,4358.0
2021-11-12,4370.33
2021-11-15,4386.19
2021-11-16,4401.49
2021-11-17,4400.81
2021-11-18,4383.7
2021-11-19,4356.47
2021-11-22,4338.69
2021-11-23,4283.82
2021-11-24,4276.25
2021-11-25,4293.24
2021-11-26,4089.58
2021-11-29,4109.51
2021-11-30,4063.06
2021-12-01,4179.15
2021-12-02,4108.02
2021-12-03,4080.15
2021-12-06,4137.11
2021-12-07,4276.2
2021-12-08,4233.09
2021-12-09,4208.3
2021-12-10,4199.16
2021-12-13,4183.04
2021-12-14,4144.51
2021-12-15,4159.68
2021-12-16,4201.87
2021-12-17,4161.35
2021-12-20,4107.13
2021-12-21,4174.99
2021-12-22,4217.06
2021-12-23,4265.86
2021-12-27,4287.98
2021-12-28,4311.93
2021-12-29,4284.83
2021-12-30,4306.07
2022-01-03,4331.82
2022-01-04,4367.62
2022-01-05,4392.15
2022-01-06,4324.81
2022-01-07,4305.83
2022-01-10,4239.52
2022-01-11,4281.54
2022-01-12,4316.39
2022-01-13,4315.9
2022-01-14,4272.19
2022-01-17,4302.14
2022-01-18,4257.82
2022-01-19,4268.28
2022-01-20,4299.61
2022-01-21,4229.56
2022-01-24,4054.36
2022-01-25,4078.26
2022-01-26,4164.6
2022-01-27,4184.97
2022-01-28,4136.91
2022-01-31,4174.6
2022-02-01,4224.45
2022-02-02,4222.05
2022-02-03,4141.02
2022-02-04,4086.58
2022-02-07,4120.56
2022-02-08,4129.25
2022-02-09,4204.09
2022-02-10,4197.07
2022-02-11,4155.23
2022-02-14,4064.45
2022-02-15,4143.71
2022-02-16,4137.22
2022-02-17,4113.19
2022-02-18,4074.28
2022-02-21,3985.71
2022-02-22,3985.47
2022-02-23,3973.41
2022-02-24,3829.29
2022-02-25,3970.69
2022-02-28,3924.23
2022-03-01,3765.85
2022-03-02,3820.59
2022-03-03,3741.78
2022-03-04,3556.01
2022-03-07,3512.22
2022-03-08,3505.29
2022-03-09,3766.02
2022-03-10,3651.39
2022-03-11,3686.78
2022-03-14,3741.1
2022-03-15,3738.11
2022-03-16,3889.69
2022-03-17,3885.32
2022-03-18,3902.44
2022-03-21,3881.8
2022-03-22,3926.12
2022-03-23,3869.22
2022-03-24,3863.39
2022-03-25,3867.73
2022-03-28,3887.1
2022-03-29,4002.18
2022-03-30,3959.14
2022-03-31,3902.52
2022-04-01,3918.68
2022-04-04,3951.12
2022-04-05,3917.85
2022-04-06,3824.69
2022-04-07,3802.01
2022-04-08,3858.37
2022-04-11,3839.62
2022-04-12,3831.47
2022-04-13,3827.96
2022-04-14,3848.68
2022-04-19,3830.76
2022-04-20,3896.81
2022-04-21,3928.03
2022-04-22,3840.01
2022-04-25,3757.59
2022-04-26,3721.36
2022-04-27,3734.64
2022-04-28,3777.02
2022-04-29,3802.86
2022-05-02,3732.44
2022-05-03,3761.19
2022-05-04,3724.99
2022-05-05,3696.63
2022-05-06,3629.17
2022-05-09,3526.86
2022-05-10,3554.8
2022-05-11,3647.87
2022-05-12,3613.43
2022-05-13,3703.42
2022-05-16,3685.34
2022-05-17,3741.51
2022-05-18,3690.74
2022-05-19,3633.33
2022-05-20,3657.03
2022-05-23,3708.39
2022-05-24,3647.56
2022-05-25,3677.1
2022-05-27,3808.86
2022-05-30,3841.62
2022-05-31,3789.21
2022-06-01,3759.54
2022-06-02,3795.13
2022-06-03,3783.66
2022-06-07,3806.74
2022-06-08,3788.93
2022-06-09,3724.45
2022-06-10,3599.2
2022-06-13,3502.5
2022-06-14,3475.18
2022-06-15,3532.32
2022-06-16,3427.91
2022-06-17,3438.46
2022-06-20,3469.83
2022-06-21,3494.0
2022-06-22,3464.64
2022-06-23,3436.29
2022-06-24,3533.17
2022-06-27,3538.88
2022-06-28,3549.29
2022-06-29,3514.32
2022-06-30,3454.86
2022-07-01,3448.31
2022-07-04,3452.42
2022-07-05,3359.83
2022-07-06,3421.84
2022-07-07,3488.5
2022-07-08,3506.55
2022-07-11,3471.69
2022-07-12,3487.05
2022-07-13,3453.97
2022-07-14,3396.61
2022-07-15,3477.2
2022-07-18,3511.86
2022-07-19,3587.44
2022-07-20,3585.24
2022-07-21,3596.51
2022-07-22,3596.49
2022-07-25,3604.16
2022-07-26,3575.36
2022-07-27,3607.78
2022-07-28,3652.2
2022-07-29,3708.1
2022-08-02,3684.63
2022-08-03,3732.54
2022-08-04,3754.6
2022-08-05,3725.39
2022-08-08,3757.22
2022-08-09,3715.37
2022-08-10,3749.35
2022-08-11,3757.05
2022-08-12,3776.81
2022-08-15,3789.62
2022-08-16,3805.22
2022-08-17,3756.06
2022-08-18,3777.38
2022-08-19,3730.32
2022-08-22,3658.22
2022-08-23,3652.52
2022-08-24,3667.46
2022-08-25,3674.54
2022-08-26,3603.68
2022-08-29,3570.51
2022-08-30,3561.92
2022-08-31,3517.25
2022-09-01,3456.7
2022-09-02,3544.38
2022-09-05,3490.01
2022-09-06,3500.14
2022-09-07,3502.09
2022-09-08,3512.38
2022-09-09,3570.04
2022-09-12,3646.51
2022-09-13,3586.18
2022-09-14,3567.56
2022-09-15,3541.79
2022-09-16,3500.41
2022-09-19,3499.49
2022-09-20,3467.09
2022-09-21,3491.87
2022-09-22,3427.14
2022-09-23,3348.6
2022-09-26,3342.56
2022-09-27,3328.65
2022-09-28,3335.3
2022-09-29,3279.04
2022-09-30,3318.2
2022-10-03,3342.17
2022-10-04,3484.48
2022-10-05,3447.72
2022-10-06,3433.45
2022-10-07,3375.46
2022-10-10,3356.88
2022-10-11,3340.35
2022-10-12,3331.53
2022-10-13,3362.4
2022-10-14,3381.73
2022-10-17,3441.64
2022-10-18,3463.83
2022-10-19,3471.24
2022-10-20,3492.85
2022-10-21,3476.63
2022-10-24,3527.79
2022-10-25,3585.58
2022-10-26,3605.31
2022-10-27,3604.51
2022-10-28,3613.02
2022-10-31,3617.54
2022-11-01,3651.02
2022-11-02,3622.01
2022-11-03,3593.18
2022-11-04,3688.33
2022-11-07,3708.8
2022-11-08,3739.28
2022-11-09,3728.03
2022-11-10,3846.56
2022-11-11,3868.5
2022-11-14,3887.51
2022-11-15,3915.09
2022-11-16,3882.78
2022-11-17,3878.42
2022-11-18,3924.84
2022-11-21,3909.28
2022-11-22,3929.9
2022-11-23,3946.44
2022-11-24,3961.99
2022-11-25,3962.41
2022-11-28,3935.51
2022-11-29,3934.44
2022-11-30,3964.72
2022-12-01,3984.5
2022-12-02,3977.9
2022-12-05,3956.53
2022-12-06,3939.19
2022-12-07,3920.9
2022-12-08,3921.27
2022-12-09,3942.62
2022-12-12,3921.82
2022-12-13,3986.83
2022-12-14,3975.26
2022-12-15,3835.7
2022-12-16,3804.02
2022-12-19,3811.24
2022-12-20,3802.49
2022-12-21,3872.15
2022-12-22,3823.29
2022-12-23,3817.01
2022-12-27,3832.89
2022-12-28,3808.82
2022-12-29,3850.07
2022-12-30,3793.62
2023-01-03,3882.29
2023-01-04,3973.97
2023-01-05,3959.48
2023-01-06,4017.83
2023-01-09,4068.62
2023-01-10,4057.46
2023-01-11,4099.76
2023-01-12,4126.68
2023-01-13,4150.8
2023-01-16,4157.0
2023-01-17,4174.33
2023-01-18,4174.34
2023-01-19,4094.28
2023-01-20,4119.9
2023-01-23,4150.82
2023-01-24,4153.02
2023-01-25,4148.11
2023-01-26,4173.98
2023-01-27,4178.01
2023-01-30,4158.63
2023-01-31,4163.45
2023-02-01,4171.44
2023-02-02,4241.12
2023-02-03,4257.98
2023-02-06,4205.45
2023-02-07,4209.31
2023-02-08,4209.15
2023-02-09,4250.14
2023-02-10,4197.94
2023-02-13,4241.36
2023-02-14,4238.76
2023-02-15,4280.04
2023-02-16,4297.24
2023-02-17,4274.92
2023-02-20,4271.18
2023-02-21,4250.4
2023-02-22,4242.88
2023-02-23,4258.16
2023-02-24,4178.82
2023-02-27,4248.01
2023-02-28,4238.38
2023-03-01,4215.75
2023-03-02,4240.59
2023-03-03,4294.8
2023-03-06,4313.78
2023-03-07,4278.96
2023-03-08,4288.45
2023-03-09,4286.12
2023-03-10,4229.53
2023-03-13,4096.54
2023-03-14,4179.47
2023-03-15,4034.92
2023-03-16,4116.98
2023-03-17,4064.99
2023-03-20,4119.42
2023-03-21,4181.6
2023-03-22,4195.7
2023-03-23,4207.14
2023-03-24,4130.62
2023-03-27,4164.62
2023-03-28,4168.21
2023-03-29,4231.27
2023-03-30,4285.42
2023-03-31,4315.05
2023-04-03,4311.05
2023-04-04,4315.32
2023-04-05,4298.36
2023-04-06,4309.45
2023-04-11,4333.29
2023-04-12,4334.03
2023-04-13,4363.24
2023-04-14,4390.75
2023-04-17,4367.61
2023-04-18,4393.95
2023-04-19,4393.57
2023-04-20,4384.86
2023-04-21,4408.59
2023-04-24,4401.8
2023-04-25,4377.85
2023-04-26,4347.71
2023-04-27,4358.05
2023-04-28,4359.31
2023-05-02,4294.85
2023-05-03,4310.18
2023-05-04,4287.03
2023-05-05,4340.43
2023-05-08,4348.65
2023-05-09,4323.09
2023-05-10,4306.76
2023-05-11,4309.75
2023-05-12,4317.88
2023-05-15,4316.41
2023-05-16,4315.51
2023-05-17,4323.23
2023-05-19,4395.3
2023-05-22,4385.63
2023-05-23,4342.38
2023-05-24,4263.74
2023-05-25,4269.64
2023-05-26,4337.5
2023-05-30,4291.58
2023-05-31,4218.04
2023-06-01,4257.61
2023-06-02,4323.52
2023-06-05,4293.24
2023-06-06,4295.22
2023-06-07,4291.91
2023-06-08,4297.68
2023-06-09,4289.79
2023-06-12,4316.49
2023-06-13,4347.55
2023-06-14,4375.98
2023-06-15,4365.12
2023-06-16,4394.82
2023-06-19,4362.38
2023-06-20,4343.14
2023-06-21,4322.75
2023-06-22,4304.47
2023-06-23,4271.61
2023-06-26,4280.57
2023-06-27,4305.26
2023-06-28,4344.75
2023-06-29,4354.69
2023-06-30,4399.09
2023-07-03,4398.15
2023-07-04,4390.99
2023-07-05,4350.71
2023-07-06,4223.09
2023-07-07,4236.6
2023-07-10,4256.51
2023-07-11,4286.56
2023-07-12,4360.46
2023-07-13,4391.76
2023-07-14,4400.11
2023-07-17,4356.79
2023-07-18,4369.73
2023-07-19,4362.28
2023-07-20,4373.73
2023-07-21,4391.41
2023-07-24,4383.03
2023-07-25,4391.3
2023-07-26,4346.15
2023-07-27,4447.44
2023-07-28,4466.5
2023-07-31,4471.31
2023-08-02,4336.5
2023-08-03,4304.63
2023-08-04,4332.91
2023-08-07,4337.5
2023-08-08,4288.85
2023-08-09,4317.33
2023-08-10,4384.04
2023-08-11,4321.33
2023-08-14,4330.23
2023-08-15,4288.57
2023-08-16,4284.27
2023-08-17,4227.83
2023-08-18,4212.95
2023-08-21,4224.87
2023-08-22,4260.37
2023-08-23,4266.67
2023-08-24,4232.22
2023-08-25,4236.25
2023-08-28,4293.69
2023-08-29,4326.47
2023-08-30,4315.31
2023-08-31,4297.11
2023-09-01,4282.64
2023-09-04,4279.87
2023-09-05,4269.16
2023-09-06,4238.26
2023-09-07,4221.02
2023-09-08,4237.19
2023-09-11,4254.33
2023-09-12,4242.27
2023-09-13,4223.48
2023-09-14,4279.75
2023-09-15,4295.05
2023-09-18,4245.88
2023-09-19,4242.7
2023-09-20,4275.98
2023-09-21,4212.59
2023-09-22,4207.16
2023-09-25,4167.37
2023-09-26,4129.18
2023-09-27,4131.68
2023-09-28,4161.56
2023-09-29,4174.66
2023-10-02,4137.63
2023-10-03,4095.59
2023-10-04,4099.85
2023-10-05,4099.81
2023-10-06,4144.43
2023-10-09,4112.57
2023-10-10,4205.23
2023-10-11,4200.8
2023-10-12,4198.23
2023-10-13,4136.12
2023-10-16,4149.86
2023-10-17,4152.32
2023-10-18,4105.86
2023-10-19,4090.33
2023-10-20,4024.68
2023-10-23,4041.75
2023-10-24,4065.37
2023-10-25,4073.35
2023-10-26,4049.4
2023-10-27,4014.36
2023-10-30,4028.32
2023-10-31,4061.12
2023-11-01,4091.71
2023-11-02,4169.62
2023-11-03,4174.67
2023-11-06,4158.64
2023-11-07,4153.37
2023-11-08,4178.49
2023-11-09,4229.2
2023-11-10,4197.36
2023-11-13,4232.19
2023-11-14,4291.72
2023-11-15,4315.53
2023-11-16,4302.45
2023-11-17,4340.77
2023-11-20,4342.41
2023-11-21,4331.9
2023-11-22,4352.02
2023-11-23,4361.32
2023-11-24,4372.1
2023-11-27,4354.41
2023-11-28,4348.02
2023-11-29,4370.53
2023-11-30,4382.47
2023-12-01,4418.51
2023-12-04,4414.95
2023-12-05,4452.77
2023-12-06,4483.26
2023-12-07,4473.77
2023-12-08,4523.31
2023-12-11,4540.19
2023-12-12,4536.61
2023-12-13,4530.19
2023-12-14,4539.16
2023-12-15,4549.44
2023-12-18,4521.13
2023-12-19,4535.4
2023-12-20,4533.82
2023-12-21,4524.86
2023-12-22,4521.47
2023-12-27,4528.38
2023-12-28,4514.38
2023-12-29,4521.65
2024-01-03,4448.13
2024-01-04,4474.01
2024-01-05,4463.51
2024-01-08,4485.48
2024-01-09,4467.17
2024-01-10,4468.98
2024-01-11,4442.28
2024-01-12,4480.02
2024-01-15,4454.68
2024-01-16,4446.51
2024-01-17,4403.08
2024-01-18,4453.05
2024-01-19,4448.83
2024-01-22,4480.32
2024-01-23,4465.91
2024-01-24,4564.11
2024-01-25,4582.26
2024-01-26,4635.47
2024-01-29,4639.36
2024-01-30,4662.7
2024-01-31,4648.4
2024-02-01,4638.6
2024-02-02,4654.55
2024-02-05,4655.27
2024-02-06,4690.87
2024-02-07,4678.85
2024-02-08,4710.78
2024-02-09,4715.87
2024-02-12,4746.35
2024-02-13,4689.28
2024-02-14,4709.22
2024-02-15,4743.17
2024-02-16,4765.65
2024-02-19,4763.07
2024-02-20,4760.28
2024-02-21,4775.31
2024-02-22,4855.36
2024-02-23,4872.57
2024-02-26,4864.29
2024-02-27,4885.74
2024-02-28,4883.77
2024-02-29,4877.77
2024-03-01,4894.86
2024-03-04,4912.92
2024-03-05,4893.07
2024-03-06,4915.49
2024-03-07,4974.22
2024-03-08,4961.11
2024-03-11,4930.42
2024-03-12,4983.2
2024-03-13,5000.55
2024-03-14,4993.12
2024-03-15,4986.02
2024-03-18,4982.76
2024-03-19,5007.92
2024-03-20,5000.31
2024-03-21,5052.31
2024-03-22,5031.15
2024-03-25,5044.19
2024-03-26,5064.18
2024-03-27,5081.74
2024-03-28,5083.42
2024-04-02,5042.0
2024-04-03,5069.25
2024-04-04,5070.76
2024-04-05,5014.75
2024-04-08,5046.05
2024-04-09,4990.9
2024-04-10,5000.83
2024-04-11,4966.68
2024-04-12,4955.01
2024-04-15,4984.48
2024-04-16,4916.99
2024-04-17,4914.13
2024-04-18,4936.57
2024-04-19,4918.09
2024-04-22,4936.85
2024-04-23,5008.17
2024-04-24,4989.88
2024-04-25,4939.01
2024-04-26,5006.85
2024-04-29,4981.09
2024-04-30,4921.22
2024-05-02,4890.61
2024-05-03,4921.48
2024-05-06,4956.96
2024-05-07,5016.1
2024-05-08,5038.17
2024-05-10,5085.08
2024-05-13,5078.96
2024-05-14,5080.29
2024-05-15,5100.9
2024-05-16,5072.45
2024-05-17,5064.14
2024-05-21,5046.99
2024-05-22,5025.17
2024-05-23,5037.6
2024-05-24,5035.41
2024-05-27,5059.2
2024-05-28,5030.35
2024-05-29,4963.2
2024-05-30,4982.18
2024-05-31,4983.67
2024-06-03,5003.54
2024-06-04,4953.37
2024-06-05,5035.66
2024-06-06,5069.09
2024-06-07,5051.31
2024-06-10,5016.48
2024-06-11,4965.09
2024-06-12,5034.43
2024-06-13,4935.5
2024-06-14,4839.14
2024-06-17,4880.42
2024-06-18,4915.47
2024-06-19,4885.45
2024-06-20,4947.73
2024-06-21,4907.3
2024-06-24,4950.98
2024-06-25,4935.97
2024-06-26,4915.94
2024-06-27,4902.6
2024-06-28,4894.02
2024-07-01,4929.99
2024-07-02,4906.33
2024-07-03,4965.8
2024-07-04,4987.48
2024-07-05,4979.39
2024-07-08,4969.83
2024-07-09,4903.62
2024-07-10,4958.86
2024-07-11,4976.13
2024-07-12,5043.02
2024-07-15,4983.11
2024-07-16,4947.83
2024-07-17,4891.46
2024-07-18,4870.12
2024-07-19,4827.24
2024-07-22,4897.44
2024-07-23,4916.8
2024-07-24,4861.87
2024-07-25,4811.28
2024-07-26,4862.5
2024-07-29,4815.39
2024-07-30,4841.0
2024-07-31,4872.94
2024-08-02,4638.7
2024-08-05,4571.6
2024-08-06,4575.22
2024-08-07,4668.06
2024-08-08,4668.74
2024-08-09,4675.28
2024-08-12,4671.88
2024-08-13,4694.92
2024-08-14,4727.6
2024-08-15,4807.77
2024-08-16,4840.52
2024-08-19,4871.41
2024-08-20,4857.58
2024-08-21,4885.28
2024-08-22,4885.0
2024-08-23,4909.2
2024-08-26,4896.69
2024-08-27,4898.78
2024-08-28,4913.03
2024-08-29,4966.27
2024-08-30,4957.98
2024-09-02,4973.07
2024-09-03,4912.52
2024-09-04,4848.18
2024-09-05,4815.15
2024-09-06,4738.06
2024-09-09,4778.66
2024-09-10,4747.2
2024-09-11,4763.58
2024-09-12,4814.08
2024-09-13,4843.99
2024-09-16,4827.63
2024-09-17,4860.78
2024-09-18,4835.3
2024-09-19,4943.38
2024-09-20,4871.54
2024-09-23,4885.57
2024-09-24,4940.72
2024-09-25,4916.89
2024-09-26,5032.59
2024-09-27,5067.45
2024-09-30,5000.45
2024-10-01,4954.15
2024-10-02,4963.29
2024-10-03,4921.33
2024-10-04,4954.94
2024-10-07,4969.71
2024-10-08,4949.0
2024-10-09,4982.57
2024-10-10,4970.34
2024-10-11,5003.92
2024-10-14,5041.01
2024-10-15,4946.73
2024-10-16,4908.71
2024-10-17,4947.3
2024-10-18,4986.27
2024-10-21,4941.22
2024-10-22,4939.31
2024-10-23,4922.55
2024-10-24,4935.45
2024-10-25,4943.09
2024-10-28,4969.83
2024-10-29,4950.02
2024-10-30,4885.75
2024-10-31,4827.63
2024-11-01,4877.75
2024-11-04,4852.1
2024-11-05,4870.33
2024-11-06,4800.63
2024-11-07,4851.96
2024-11-08,4802.76
2024-11-11,4854.03
2024-11-12,4744.69
2024-11-13,4740.34
2024-11-14,4833.53
2024-11-15,4794.85
2024-11-18,4790.33
2024-11-19,4751.23
2024-11-20,4729.71
2024-11-21,4755.83
2024-11-22,4789.08
2024-11-25,4799.87
2024-11-26,4761.99
2024-11-27,4733.15
2024-11-28,4758.65
2024-11-29,4804.4
2024-12-02,4846.73
2024-12-03,4878.51
2024-12-04,4919.02
2024-12-05,4951.58
2024-12-06,4977.78
2024-12-09,4985.46
2024-12-10,4951.74
2024-12-11,4959.35
2024-12-12,4965.53
2024-12-13,4967.95
2024-12-16,4947.03
2024-12-17,4942.58
2024-12-18,4957.28
2024-12-19,4879.0
2024-12-20,4862.28
2024-12-23,4852.93
2024-12-27,4898.88
2024-12-30,4869.28
2025-01-03,4871.45
2025-01-06,4986.64
2025-01-07,5011.82
2025-01-08,4996.39
2025-01-09,5017.91
2025-01-10,4977.26
2025-01-13,4954.21
2025-01-14,4980.47
2025-01-15,5032.31
2025-01-16,5106.93
2025-01-17,5148.3
2025-01-20,5164.44
2025-01-21,5165.96
2025-01-22,5205.83
2025-01-23,5217.5
2025-01-24,5219.37
2025-01-27,5188.45
2025-01-28,5195.71
2025-01-29,5230.66
2025-01-30,5282.21
2025-01-31,5286.87
2025-02-03,5217.91
2025-02-04,5264.59
2025-02-05,5271.12
2025-02-06,5356.63
2025-02-07,5325.4
2025-02-10,5358.3
2025-02-11,5390.91
2025-02-12,5405.65
2025-02-13,5500.5
2025-02-14,5493.4
2025-02-17,5519.83
2025-02-18,5533.84
2025-02-19,5461.17
2025-02-20,5461.03
2025-02-21,5474.85
2025-02-24,5453.76
2025-02-25,5447.9
2025-02-26,5527.99
2025-02-27,5472.56
2025-02-28,5463.54
2025-03-03,5540.69
2025-03-04,5387.31
2025-03-05,5489.12
2025-03-06,5520.47
2025-03-07,5468.41
2025-03-10,5386.98
2025-03-11,5309.9
2025-03-12,5359.42
2025-03-13,5328.39
2025-03-14,5404.18
2025-03-17,5445.55
2025-03-18,5485.01
2025-03-19,5507.36
2025-03-20,5450.93
2025-03-21,5423.83
2025-03-24,5415.79
2025-03-25,5475.08
2025-03-26,5411.69
2025-03-27,5381.08
2025-03-28,5331.4
2025-03-31,5248.39
2025-04-01,5320.3
2025-04-02,5303.95
2025-04-03,5113.28
2025-04-04,4878.31
2025-04-07,4656.41
2025-04-08,4773.65
2025-04-09,4622.14
2025-04-10,4818.92
2025-04-11,4787.23
2025-04-14,4911.39
2025-04-15,4970.43
2025-04-16,4966.5
2025-04-17,4935.34
2025-04-22,4961.45
2025-04-23,5098.74
2025-04-24,5114.98
2025-04-25,5154.12
2025-04-28,5170.49
2025-04-29,5161.9
2025-04-30,5160.22
2025-05-02,5285.19
2025-05-05,5283.05
2025-05-06,5263.38
2025-05-07,5230.19
2025-05-08,5288.94
2025-05-09,5309.74
2025-05-12,5392.36
2025-05-13,5416.21
2025-05-14,5403.44
2025-05-15,5412.08
2025-05-16,5427.53
2025-05-19,5427.23
2025-05-20,5454.65
2025-05-21,5454.46
2025-05-22,5424.48
2025-05-23,5326.31
2025-05-26,5395.33
2025-05-27,5415.45
2025-05-28,5378.39
2025-05-30,5366.59
2025-06-02,5355.56
2025-06-03,5375.7
2025-06-04,5405.15
2025-06-05,5410.55
2025-06-06,5430.17
2025-06-10,5415.38
2025-06-11,5393.15
2025-06-12,5360.82
2025-06-13,5290.47
2025-06-16,5339.57
2025-06-17,5288.68
2025-06-18,5266.91
2025-06-19,5197.03
2025-06-20,5233.58
2025-06-23,5221.9
2025-06-24,5297.07
2025-06-25,5252.01
2025-06-26,5244.03
2025-06-27,5325.64
2025-06-30,5303.24
2025-07-01,5282.43
2025-07-02,5318.72
2025-07-03,5343.15
2025-07-04,5288.81
2025-07-07,5341.54
2025-07-08,5371.95
2025-07-09,5445.65
2025-07-10,5438.27
2025-07-11,5383.48
2025-07-14,5370.85
2025-07-15,5354.17
2025-07-16,5298.07
2025-07-17,5377.15
2025-07-18,5359.23
2025-07-21,5342.98
2025-07-22,5290.48
2025-07-23,5344.25
2025-07-24,5355.2
2025-07-25,5352.16
2025-07-28,5337.58
2025-07-29,5379.2
2025-07-30,5393.18
2025-07-31,5319.92
2025-08-04,5242.32
2025-08-05,5249.59
2025-08-06,5263.29
2025-08-07,5332.07
2025-08-08,5347.74
2025-08-11,5331.85
2025-08-12,5335.97
2025-08-13,5388.25
2025-08-14,5434.7
2025-08-15,5448.61
2025-08-18,5434.64
2025-08-19,5483.28
2025-08-20,5472.32
2025-08-21,5462.16
2025-08-22,5488.23
2025-08-25,5443.96
2025-08-26,5383.68
2025-08-27,5393.07
2025-08-28,5396.73
2025-08-29,5351.73
2025-09-01,5367.08
2025-09-02,5291.04
2025-09-03,5325.01
2025-09-04,5346.71
2025-09-05,5318.15
2025-09-08,5362.81
2025-09-09,5368.82
2025-09-10,5361.47
2025-09-11,5386.77
2025-09-12,5390.71
2025-09-15,5440.4
2025-09-16,5372.31
2025-09-17,5369.7
2025-09-18,5456.67
2025-09-19,5458.42
2025-09-22,5442.05
2025-09-23,5472.39
2025-09-24,5464.56
2025-09-25,5444.89
2025-09-26,5499.7
2025-09-29,5506.85
2025-09-30,5529.96
2025-10-01,5581.21
2025-10-02,5645.81
2025-10-03,5651.71
2025-10-06,5628.72
2025-10-07,5613.62
2025-10-08,5649.73
2025-10-09,5625.56
2025-10-10,5531.32
2025-10-13,5568.19
2025-10-14,5552.05
2025-10-15,5605.03
2025-10-16,5652.01
2025-10-17,5607.39
2025-10-20,5680.93
2025-10-21,5686.83
2025-10-22,5639.21
2025-10-23,5668.33
2025-10-24,5674.5
2025-10-27,5711.06
2025-10-28,5704.35
2025-10-29,5705.81
2025-10-30,5699.18
2025-10-31,5662.04
2025-11-03,5679.25
2025-11-04,5660.2
2025-11-05,5669.13
2025-11-06,5611.18
2025-11-07,5566.53
2025-11-10,5664.46
2025-11-11,5725.7
2025-11-12,5787.31
2025-11-13,5742.79
2025-11-14,5693.77
2025-11-17,5640.94
2025-11-18,5534.71
2025-11-19,5542.05
2025-11-20,5569.92
2025-11-21,5515.09
2025-11-24,5528.67
2025-11-25,5573.91
2025-11-26,5655.58
2025-11-27,5653.17
2025-11-28,5668.17
2025-12-01,5667.48
2025-12-02,5686.17
2025-12-03,5694.56
2025-12-04,5718.08
2025-12-05,5723.93
2025-12-08,5725.59
2025-12-09,5718.32
2025-12-10,5708.12
2025-12-11,5753.96
2025-12-12,5720.71
2025-12-15,5752.52
2025-12-16,5717.83
2025-12-17,5681.67
2025-12-18,5741.71
2025-12-19,5760.35
2025-12-22,5743.69
2025-12-23,5749.28
2025-12-29,5751.71
2025-12-30,5796.22
2026-01-05,5923.69
2026-01-06,5931.79
2026-01-07,5923.57
2026-01-08,5904.32
2026-01-09,5997.47
2026-01-12,6016.3
2026-01-13,6029.83
2026-01-14,6005.05
2026-01-15,6041.14
2026-01-16,6029.45
2026-01-19,5925.82
2026-01-20,5892.08
2026-01-21,5882.88
2026-01-22,5956.17
2026-01-23,5948.2
2026-01-26,5957.8
2026-01-27,5994.59
2026-01-28,5933.2
2026-01-29,5891.95
2026-01-30,5947.81
2026-02-02,6007.51
2026-02-03,5995.35
2026-02-04,5970.47
2026-02-05,5925.7
2026-02-06,5998.4
2026-02-09,6059.01
2026-02-10,6047.06
2026-02-11,6035.64
2026-02-12,6011.29
2026-02-13,5985.23
2026-02-16,5978.88
2026-02-17,6021.85
2026-02-18,6103.37
2026-02-19,6059.62
2026-02-20,6131.31
2026-02-23,6113.92
2026-02-24,6116.6
2026-02-25,6173.32
2026-02-26,6161.56
2026-02-27,6138.41
2026-03-02,5986.93
2026-03-03,5771.73
2026-03-04,5870.92
2026-03-05,5782.89
2026-03-06,5719.9
2026-03-09,5685.2
2026-03-10,5837.17
2026-03-11,5794.68
2026-03-12,5748.89
2026-03-13,5716.61
2026-03-16,5739.01
2026-03-17,5769.25
2026-03-18,5736.85
2026-03-19,5613.83
2026-03-20,5501.28
2026-03-23,5574.32
2026-03-24,5581.29
2026-03-25,5649.33
2026-03-26,5565.93
2026-03-27,5505.8
2026-03-30,5541.79
2026-03-31,5569.73
