,btp_10y_lag1,btp_10y_lag3,bund_10y_lag1,bund_10y_lag3,disoccupazione_italia_lag1,disoccupazione_italia_lag3,inflazione_eurozona_lag1,inflazione_eurozona_lag3,inflazione_italia_lag1,inflazione_italia_lag3,pil_eurozona_lag1,pil_eurozona_lag3,pil_italia_lag1,pil_italia_lag3,tasso_bce_lag1,tasso_bce_lag3,brent_lag1,brent_lag3,eurostoxx50_lag1,eurostoxx50_lag3,eurusd_lag1,eurusd_lag3,ftse_mib_lag1,ftse_mib_lag3,vix_lag1,vix_lag3,spread_lag1,spread_lag3
2010-04-01,3.95,4.08,3.1,3.26,-0.02298850574712641,0.0117647058823529,0.789999999999992,-0.5799999999999983,1.0999999999999943,-1.0999999999999943,0.012100838342475662,0.012100838342475662,0.0044816843354555935,0.0044816843354555935,0.0,0.0,82.7,71.46,2931.16,2776.83,1.35,1.39,22848.0,21896.0,17.59,24.62,0.8500000000000001,0.8200000000000003
2010-05-01,4.0,4.05,3.06,3.17,0.03529411764705892,0.011627906976744207,0.29000000000000625,0.21999999999999886,0.7000000000000028,-0.09999999999999432,0.02161312210610733,0.012100838342475662,0.0167233635789652,0.0044816843354555935,0.0,0.0,87.44,77.59,2816.86,2728.47,1.33,1.36,21563.0,21068.0,22.05,19.5,0.94,0.8799999999999999
2010-06-01,3.98,3.95,2.73,3.1,-0.011363636363636576,-0.02298850574712641,0.09000000000000341,0.789999999999992,0.09999999999999432,1.0999999999999943,0.02161312210610733,0.012100838342475662,0.0167233635789652,0.0044816843354555935,0.0,0.0,74.02,82.7,2610.26,2931.16,1.23,1.35,19544.0,22848.0,32.07,17.59,1.25,0.8500000000000001
2010-07-01,4.1,4.0,2.54,3.06,-0.02298850574712641,0.03529411764705892,0.0,0.29000000000000625,0.0,0.7000000000000028,0.02161312210610733,0.02161312210610733,0.0167233635789652,0.0167233635789652,0.0,0.0,75.01,87.44,2573.32,2816.86,1.22,1.33,19312.0,21563.0,34.54,22.05,1.5599999999999996,0.94
2010-08-01,4.03,3.98,2.62,2.73,0.0,-0.011363636363636576,-0.3100000000000023,0.09000000000000341,-0.5999999999999943,0.09999999999999432,0.022370654276792967,0.02161312210610733,0.016012993199311598,0.0167233635789652,0.0,0.0,78.18,74.02,2742.14,2610.26,1.3,1.23,21022.0,19544.0,23.5,32.07,1.4100000000000001,1.25
2010-09-01,3.8,4.1,2.35,2.54,-0.0235294117647058,-0.02298850574712641,0.14000000000000057,0.0,0.09999999999999432,0.0,0.022370654276792967,0.02161312210610733,0.016012993199311598,0.0167233635789652,0.0,0.0,74.64,75.01,2622.95,2573.32,1.27,1.22,19735.0,19312.0,26.05,34.54,1.4499999999999997,1.5599999999999996
2010-10-01,3.86,4.03,2.3,2.62,0.0,0.0,0.22999999999998977,-0.3100000000000023,0.5,-0.5999999999999943,0.022370654276792967,0.022370654276792967,0.016012993199311598,0.016012993199311598,0.0,0.0,82.31,78.18,2747.9,2742.14,1.36,1.3,20505.0,21022.0,23.7,23.5,1.56,1.4100000000000001
2010-11-01,3.8,3.8,2.35,2.35,0.036144578313252795,-0.0235294117647058,0.21000000000000796,0.14000000000000057,0.5,0.09999999999999432,0.024006028808521318,0.022370654276792967,0.02199362044263231,0.016012993199311598,0.0,0.0,83.15,74.64,2844.99,2622.95,1.38,1.27,21451.0,19735.0,21.2,26.05,1.4499999999999997,1.4499999999999997
2010-12-01,4.18,3.86,2.53,2.3,-0.023255813953488302,0.0,0.06999999999999318,0.22999999999998977,0.0,0.5,0.024006028808521318,0.022370654276792967,0.02199362044263231,0.016012993199311598,0.0,0.0,85.92,82.31,2650.99,2747.9,1.31,1.36,19106.0,20505.0,23.54,23.7,1.65,1.56
2011-01-01,4.6,3.8,2.91,2.35,-0.023809523809523947,0.036144578313252795,0.4399999999999977,0.21000000000000796,0.29999999999999716,0.5,0.024006028808521318,0.024006028808521318,0.02199362044263231,0.02199362044263231,0.0,0.0,94.75,83.15,2807.04,2844.99,1.33,1.38,20173.0,21451.0,17.75,21.2,1.6899999999999995,1.4499999999999997
2011-02-01,4.73,4.18,3.02,2.53,0.0,-0.023255813953488302,-0.519999999999996,0.06999999999999318,-1.1999999999999886,0.0,0.029705926496801816,0.024006028808521318,0.023866690217516195,0.02199362044263231,0.0,0.0,101.01,85.92,2953.63,2650.99,1.36,1.31,22050.0,19106.0,19.53,23.54,1.7100000000000004,1.65
2011-03-01,4.74,4.6,3.2,2.91,-0.012195121951219523,-0.023809523809523947,0.3100000000000023,0.4399999999999977,0.09999999999999432,0.29999999999999716,0.029705926496801816,0.024006028808521318,0.023866690217516195,0.02199362044263231,0.0,0.0,111.8,94.75,3013.09,2807.04,1.37,1.33,22467.0,20173.0,18.35,17.75,1.54,1.6899999999999995
2011-04-01,4.88,4.73,3.21,3.02,0.0,0.0,0.980000000000004,-0.519999999999996,1.5999999999999943,-1.1999999999999886,0.029705926496801816,0.029705926496801816,0.023866690217516195,0.023866690217516195,0.0,0.0,117.36,101.01,2910.91,2953.63,1.41,1.36,21727.0,22050.0,17.74,19.53,1.67,1.7100000000000004
2011-05-01,4.84,4.74,3.34,3.2,-0.012345679012345623,-0.012195121951219523,0.4200000000000017,0.3100000000000023,0.8000000000000114,0.09999999999999432,0.0199507411897637,0.029705926496801816,0.014570427864760038,0.023866690217516195,0.25,0.0,125.89,111.8,3011.25,3013.09,1.48,1.37,22418.0,22467.0,14.75,18.35,1.5,1.54
2011-06-01,4.76,4.88,3.06,3.21,0.03750000000000009,0.0,0.009999999999990905,0.980000000000004,0.09999999999999432,1.5999999999999943,0.0199507411897637,0.029705926496801816,0.014570427864760038,0.023866690217516195,0.0,0.0,116.73,117.36,2819.4,2910.91,1.43,1.41,21110.0,21727.0,15.45,17.74,1.6999999999999997,1.67
2011-07-01,4.82,4.84,2.89,3.34,-0.012048192771084487,-0.012345679012345623,-0.009999999999990905,0.4200000000000017,0.09999999999999432,0.8000000000000114,0.0199507411897637,0.0199507411897637,0.014570427864760038,0.014570427864760038,0.0,0.25,112.48,125.89,2848.53,3011.25,1.45,1.48,20187.0,22418.0,16.52,14.75,1.9300000000000002,1.5
2011-08-01,5.46,4.76,2.74,3.06,0.024390243902439046,0.03750000000000009,-0.4200000000000017,0.009999999999990905,-1.3999999999999915,0.09999999999999432,0.015690147031115043,0.0199507411897637,0.007256013786895776,0.014570427864760038,0.25,0.0,116.74,116.73,2670.37,2819.4,1.43,1.43,18434.0,21110.0,25.25,15.45,2.7199999999999998,1.6999999999999997
2011-09-01,5.27,4.82,2.21,2.89,0.011904761904761862,-0.012048192771084487,0.12999999999999545,-0.009999999999990905,0.29999999999999716,0.09999999999999432,0.015690147031115043,0.0199507411897637,0.007256013786895776,0.014570427864760038,0.0,0.0,114.85,112.48,2302.08,2848.53,1.44,1.45,15563.0,20187.0,31.62,16.52,3.0599999999999996,1.9300000000000002
2011-10-01,5.75,5.46,1.83,2.74,0.05882352941176472,0.024390243902439046,0.5499999999999972,-0.4200000000000017,1.5,-1.3999999999999915,0.015690147031115043,0.015690147031115043,0.007256013786895776,0.007256013786895776,0.0,0.25,102.76,116.74,2179.66,2670.37,1.36,1.43,14836.0,18434.0,42.96,25.25,3.92,2.7199999999999998
2011-11-01,5.97,5.27,2.0,2.21,-0.011111111111111072,0.011904761904761862,0.2600000000000051,0.12999999999999545,0.5999999999999943,0.29999999999999716,0.006576946956025065,0.015690147031115043,-0.011087045004164575,0.007256013786895776,0.0,0.0,109.56,114.85,2385.22,2302.08,1.41,1.44,16018.0,15563.0,29.96,31.62,3.9699999999999998,3.0599999999999996
2011-12-01,7.06,5.75,1.87,1.83,0.0674157303370786,0.05882352941176472,0.060000000000002274,0.5499999999999972,0.0,1.5,0.006576946956025065,0.015690147031115043,-0.011087045004164575,0.007256013786895776,-0.25,0.0,110.82,102.76,2330.43,2179.66,1.33,1.36,15269.0,14836.0,27.8,42.96,5.1899999999999995,3.92
2012-01-01,6.81,5.97,1.93,2.0,0.021052631578947212,-0.011111111111111072,0.25,0.2600000000000051,0.30000000000001137,0.5999999999999943,0.006576946956025065,0.006576946956025065,-0.011087045004164575,-0.011087045004164575,-0.25,0.0,107.38,109.56,2316.55,2385.22,1.3,1.41,15090.0,16018.0,23.4,29.96,4.88,3.9699999999999998
2012-02-01,6.54,7.06,1.82,1.87,0.01030927835051565,0.0674157303370786,-0.6000000000000085,0.060000000000002274,-1.4000000000000057,0.0,-0.005348380488213178,0.006576946956025065,-0.02690731561831916,-0.011087045004164575,0.0,-0.25,110.98,110.82,2416.66,2330.43,1.31,1.33,15828.0,15269.0,19.44,27.8,4.72,5.1899999999999995
2012-03-01,5.55,6.81,1.85,1.93,0.030612244897959107,0.021052631578947212,0.37000000000000455,0.25,0.09999999999999432,0.30000000000001137,-0.005348380488213178,0.006576946956025065,-0.02690731561831916,-0.011087045004164575,0.0,-0.25,122.66,107.38,2512.11,2316.55,1.35,1.3,16351.0,15090.0,18.43,23.4,3.6999999999999997,4.88
2012-04-01,5.05,6.54,1.83,1.82,0.05940594059405946,0.01030927835051565,0.9699999999999989,-0.6000000000000085,1.9000000000000057,-1.4000000000000057,-0.005348380488213178,-0.005348380488213178,-0.02690731561831916,-0.02690731561831916,0.0,0.0,122.88,110.98,2477.28,2416.66,1.33,1.31,15980.0,15828.0,15.5,19.44,3.2199999999999998,4.72
2012-05-01,5.68,5.55,1.62,1.85,0.0,0.030612244897959107,0.3500000000000085,0.37000000000000455,0.7000000000000028,0.09999999999999432,-0.008762626335012125,-0.005348380488213178,-0.032725551458735236,-0.02690731561831916,0.0,0.0,119.47,122.66,2306.43,2512.11,1.32,1.35,14592.0,16351.0,17.15,18.43,4.06,3.6999999999999997
2012-06-01,5.78,5.05,1.34,1.83,-0.009345794392523366,0.05940594059405946,-0.10000000000000853,0.9699999999999989,0.0,1.9000000000000057,-0.008762626335012125,-0.005348380488213178,-0.032725551458735236,-0.02690731561831916,0.0,0.0,101.87,122.88,2118.94,2477.28,1.24,1.33,12874.0,15980.0,24.06,15.5,4.44,3.2199999999999998
2012-07-01,5.9,5.68,1.3,1.62,0.028301886792452935,0.0,-0.060000000000002274,0.3500000000000085,0.20000000000000284,0.7000000000000028,-0.008762626335012125,-0.008762626335012125,-0.032725551458735236,-0.032725551458735236,0.0,0.0,97.8,119.47,2264.72,2306.43,1.24,1.32,14274.0,14592.0,17.08,17.15,4.6000000000000005,4.06
2012-08-01,6.0,5.78,1.24,1.34,0.00917431192660545,-0.009345794392523366,-0.3999999999999915,-0.10000000000000853,-1.4000000000000057,0.0,-0.010280989867791579,-0.008762626335012125,-0.034730537452889454,-0.032725551458735236,-0.25,0.0,104.92,101.87,2325.72,2118.94,1.23,1.24,13891.0,12874.0,18.93,24.06,4.76,4.44
2012-09-01,5.82,5.9,1.34,1.3,-0.009090909090909038,0.028301886792452935,0.28999999999999204,-0.060000000000002274,0.0,0.20000000000000284,-0.010280989867791579,-0.008762626335012125,-0.034730537452889454,-0.032725551458735236,0.0,0.0,114.57,97.8,2440.71,2264.72,1.25,1.24,15101.0,14274.0,17.47,17.08,4.48,4.6000000000000005
2012-10-01,5.25,6.0,1.49,1.24,0.02752293577981635,0.00917431192660545,0.5600000000000023,-0.3999999999999915,1.5999999999999943,-1.4000000000000057,-0.010280989867791579,-0.010280989867791579,-0.034730537452889454,-0.034730537452889454,0.0,-0.25,112.39,104.92,2454.26,2325.72,1.29,1.23,15096.0,13891.0,15.73,18.93,3.76,4.76
2012-11-01,4.95,5.82,1.47,1.34,0.044642857142857206,-0.009090909090909038,0.18000000000000682,0.28999999999999204,0.20000000000000284,0.0,-0.011558100834232365,-0.010280989867791579,-0.0326773124685924,-0.034730537452889454,0.0,0.0,108.7,114.57,2503.64,2440.71,1.3,1.25,15540.0,15101.0,18.6,17.47,3.4800000000000004,4.48
2012-12-01,4.85,5.25,1.34,1.49,0.0,0.02752293577981635,-0.1600000000000108,0.5600000000000023,-0.20000000000000284,1.5999999999999943,-0.011558100834232365,-0.010280989867791579,-0.0326773124685924,-0.034730537452889454,0.0,0.0,111.23,112.39,2575.25,2454.26,1.3,1.29,15808.0,15096.0,15.87,15.73,3.51,3.76
2013-01-01,4.54,4.95,1.3,1.47,-0.008547008547008517,0.044642857142857206,0.28000000000000114,0.18000000000000682,0.30000000000001137,0.20000000000000284,-0.011558100834232365,-0.011558100834232365,-0.0326773124685924,-0.0326773124685924,0.0,0.0,111.11,108.7,2626.85,2503.64,1.32,1.3,16273.0,15540.0,18.02,18.6,3.24,3.4800000000000004
2013-02-01,4.21,4.85,1.51,1.34,0.0431034482758621,0.0,-0.7999999999999972,-0.1600000000000108,-1.6000000000000085,-0.20000000000000284,-0.012488096470067767,-0.011558100834232365,-0.030590802351570634,-0.0326773124685924,0.0,0.0,115.55,111.23,2702.98,2575.25,1.36,1.3,17439.0,15808.0,14.28,15.87,2.7,3.51
2013-03-01,4.49,4.54,1.54,1.3,0.0,-0.008547008547008517,0.28000000000000114,0.28000000000000114,-0.20000000000000284,0.30000000000001137,-0.012488096470067767,-0.011558100834232365,-0.030590802351570634,-0.0326773124685924,0.0,0.0,111.38,111.11,2633.55,2626.85,1.32,1.32,15921.0,16273.0,15.51,18.02,2.95,3.24
2013-04-01,4.64,4.21,1.35,1.51,-0.008264462809917328,0.0431034482758621,0.9000000000000057,-0.7999999999999972,1.8000000000000114,-1.6000000000000085,-0.012488096470067767,-0.012488096470067767,-0.030590802351570634,-0.030590802351570634,0.0,0.0,110.02,115.55,2624.02,2702.98,1.28,1.36,15339.0,17439.0,12.7,14.28,3.2899999999999996,2.7
2013-05-01,4.28,4.49,1.2,1.54,0.016666666666666607,0.0,-0.07000000000000739,0.28000000000000114,0.29999999999999716,-0.20000000000000284,-0.0024405725721979854,-0.012488096470067767,-0.02265869342460025,-0.030590802351570634,0.0,0.0,102.37,111.38,2712.0,2633.55,1.31,1.32,16768.0,15921.0,13.52,15.51,3.08,2.95
2013-06-01,3.96,4.64,1.29,1.35,0.016393442622950838,-0.008264462809917328,0.0799999999999983,0.9000000000000057,0.0,1.8000000000000114,-0.0024405725721979854,-0.012488096470067767,-0.02265869342460025,-0.030590802351570634,0.0,0.0,100.39,110.02,2769.64,2624.02,1.3,1.28,17214.0,15339.0,16.3,12.7,2.67,3.2899999999999996
2013-07-01,4.38,4.28,1.53,1.2,0.0,0.016666666666666607,0.09000000000000341,-0.07000000000000739,0.20000000000000284,0.29999999999999716,-0.0024405725721979854,-0.0024405725721979854,-0.02265869342460025,-0.02265869342460025,0.0,0.0,102.16,102.37,2602.59,2712.0,1.3,1.31,15239.0,16768.0,16.86,13.52,2.8499999999999996,3.08
2013-08-01,4.42,3.96,1.57,1.29,-0.016129032258064613,0.016393442622950838,-0.4200000000000017,0.0799999999999983,-1.5,0.0,0.0018795840119902874,-0.0024405725721979854,-0.012842735401216276,-0.02265869342460025,0.0,0.0,107.7,100.39,2768.15,2769.64,1.33,1.3,16482.0,17214.0,13.45,16.3,2.8499999999999996,2.67
2013-09-01,4.42,4.38,1.74,1.53,0.024590163934426368,0.0,0.10000000000000853,0.09000000000000341,0.0,0.20000000000000284,0.0018795840119902874,-0.0024405725721979854,-0.012842735401216276,-0.02265869342460025,0.0,0.0,114.01,102.16,2721.37,2602.59,1.32,1.3,16682.0,15239.0,17.01,16.86,2.6799999999999997,2.8499999999999996
2013-10-01,4.54,4.42,1.89,1.57,0.008000000000000007,-0.016129032258064613,0.36999999999999034,-0.4200000000000017,1.5,-1.5,0.0018795840119902874,0.0018795840119902874,-0.012842735401216276,-0.012842735401216276,0.0,0.0,108.37,107.7,2893.15,2768.15,1.35,1.33,17435.0,16482.0,16.6,13.45,2.6500000000000004,2.8499999999999996
2013-11-01,4.25,4.42,1.76,1.74,-0.007936507936507908,0.024590163934426368,-0.09000000000000341,0.10000000000000853,0.0,0.0,0.008332393367936453,0.0018795840119902874,-0.006667913324811647,-0.012842735401216276,0.0,0.0,108.84,114.01,3067.95,2721.37,1.37,1.32,19352.0,16682.0,13.75,17.01,2.49,2.6799999999999997
2013-12-01,4.1,4.54,1.68,1.89,0.008000000000000007,0.008000000000000007,-0.06999999999999318,0.36999999999999034,-0.30000000000001137,1.5,0.008332393367936453,0.0018795840119902874,-0.006667913324811647,-0.012842735401216276,0.0,0.0,109.69,108.37,3086.64,2893.15,1.36,1.35,19022.0,17435.0,13.7,16.6,2.42,2.6500000000000004
2014-01-01,4.11,4.25,1.8,1.76,0.0,-0.007936507936507908,0.28000000000000114,-0.09000000000000341,0.30000000000001137,0.0,0.008332393367936453,0.008332393367936453,-0.006667913324811647,-0.006667913324811647,0.0,0.0,110.8,108.84,3100.93,3067.95,1.38,1.37,18968.0,19352.0,13.72,13.75,2.3100000000000005,2.49
2014-02-01,3.87,4.1,1.76,1.68,0.031746031746031855,0.008000000000000007,-0.8700000000000045,-0.06999999999999318,-1.7000000000000028,-0.30000000000001137,0.016497610363187976,0.008332393367936453,0.0020473113346810567,-0.006667913324811647,0.0,0.0,106.4,109.69,3013.96,3086.64,1.36,1.36,19418.0,19022.0,18.41,13.7,2.1100000000000003,2.42
2014-03-01,3.65,4.11,1.56,1.8,-0.007692307692307665,0.0,0.2400000000000091,0.28000000000000114,-0.29999999999999716,0.30000000000001137,0.016497610363187976,0.008332393367936453,0.0020473113346810567,-0.006667913324811647,0.0,0.0,109.07,110.8,3149.23,3100.93,1.37,1.38,20442.0,18968.0,14.0,13.72,2.09,2.3100000000000005
2014-04-01,3.4,3.87,1.51,1.76,-0.007751937984496138,0.031746031746031855,0.7199999999999989,-0.8700000000000045,1.7999999999999972,-1.7000000000000028,0.016497610363187976,0.016497610363187976,0.0020473113346810567,0.0020473113346810567,0.0,0.0,107.76,106.4,3161.6,3013.96,1.38,1.36,21691.0,19418.0,13.88,18.41,1.89,2.1100000000000003
2014-05-01,3.23,3.65,1.46,1.56,0.0,-0.007692307692307665,0.11999999999999034,0.2400000000000091,0.3999999999999915,-0.29999999999999716,0.012229363260094717,0.016497610363187976,0.002543074404626644,0.0020473113346810567,0.0,0.0,108.07,109.07,3198.39,3149.23,1.38,1.37,21783.0,20442.0,13.41,14.0,1.77,2.09
2014-06-01,3.12,3.4,1.33,1.51,-0.007812500000000111,-0.007751937984496138,-0.0899999999999892,0.7199999999999989,-0.09999999999999432,1.7999999999999972,0.012229363260094717,0.016497610363187976,0.002543074404626644,0.0020473113346810567,0.0,0.0,109.41,107.76,3244.6,3161.6,1.36,1.38,21629.0,21691.0,11.4,13.88,1.79,1.89
2014-07-01,2.92,3.23,1.26,1.46,-0.03937007874015752,0.0,0.0899999999999892,0.11999999999999034,0.09999999999999432,0.3999999999999915,0.012229363260094717,0.012229363260094717,0.002543074404626644,0.002543074404626644,-0.1,0.0,112.36,108.07,3228.24,3198.39,1.36,1.38,21283.0,21783.0,11.57,13.41,1.66,1.77
2014-08-01,2.79,3.12,1.11,1.33,0.057377049180328044,-0.007812500000000111,-0.5099999999999909,-0.0899999999999892,-1.6999999999999886,-0.09999999999999432,0.01415980402159378,0.012229363260094717,-0.0007179179760686827,0.002543074404626644,0.0,0.0,106.02,109.41,3115.51,3244.6,1.34,1.36,20570.0,21629.0,16.95,11.4,1.68,1.79
2014-09-01,2.63,2.92,0.96,1.26,-0.03100775193798455,-0.03937007874015752,0.0899999999999892,0.0899999999999892,-0.10000000000000853,0.09999999999999432,0.01415980402159378,0.012229363260094717,-0.0007179179760686827,0.002543074404626644,0.0,-0.1,103.19,112.36,3172.63,3228.24,1.32,1.36,20450.0,21283.0,12.09,11.57,1.67,1.66
2014-10-01,2.4,2.79,0.92,1.11,0.03200000000000003,0.057377049180328044,0.3400000000000034,-0.5099999999999909,1.5,-1.6999999999999886,0.01415980402159378,0.01415980402159378,-0.0007179179760686827,-0.0007179179760686827,-0.1,0.0,94.67,106.02,3225.93,3115.51,1.27,1.34,20892.0,20570.0,16.31,16.95,1.48,1.68
2014-11-01,2.42,2.63,0.79,0.96,0.007751937984496138,-0.03100775193798455,-0.04999999999999716,0.0899999999999892,0.20000000000000284,-0.10000000000000853,0.01580900609115643,0.01415980402159378,-0.0008543636241727937,-0.0007179179760686827,0.0,0.0,85.86,103.19,3113.32,3172.63,1.26,1.32,19783.0,20450.0,14.03,12.09,1.63,1.67
2014-12-01,2.29,2.4,0.72,0.92,0.023076923076923217,0.03200000000000003,-0.14000000000000057,0.3400000000000034,-0.20000000000000284,1.5,0.01580900609115643,0.01415980402159378,-0.0008543636241727937,-0.0007179179760686827,0.0,-0.1,70.15,94.67,3250.93,3225.93,1.25,1.27,20014.0,20892.0,13.33,16.31,1.57,1.48
2015-01-01,1.99,2.42,0.59,0.79,-0.06766917293233088,0.007751937984496138,-0.06999999999999318,-0.04999999999999716,0.0,0.20000000000000284,0.01580900609115643,0.01580900609115643,-0.0008543636241727937,-0.0008543636241727937,0.0,0.0,57.33,85.86,3135.95,3113.32,1.22,1.26,19012.0,19783.0,19.2,14.03,1.4,1.63
2015-02-01,1.7,2.29,0.39,0.72,0.008064516129032251,0.023076923076923217,-1.2000000000000028,-0.14000000000000057,-1.8999999999999915,-0.20000000000000284,0.01863566029691377,0.01580900609115643,0.002737575544325077,-0.0008543636241727937,0.0,0.0,52.99,70.15,3351.44,3250.93,1.13,1.25,20503.0,20014.0,20.97,13.33,1.31,1.57
2015-03-01,1.56,1.99,0.3,0.59,-0.008000000000000007,-0.06766917293233088,0.46999999999999886,-0.06999999999999318,0.09999999999999432,0.0,0.01863566029691377,0.01580900609115643,0.002737575544325077,-0.0008543636241727937,0.0,0.0,62.58,57.33,3599.0,3135.95,1.12,1.22,22338.0,19012.0,13.34,19.2,1.26,1.4
2015-04-01,1.29,1.7,0.23,0.39,0.016129032258064502,0.008064516129032251,0.8999999999999915,-1.2000000000000028,1.7000000000000028,-1.8999999999999915,0.01863566029691377,0.01863566029691377,0.002737575544325077,0.002737575544325077,0.0,0.0,55.11,52.99,3697.38,3351.44,1.08,1.13,23157.0,20503.0,15.29,20.97,1.06,1.31
2015-05-01,1.36,1.56,0.12,0.3,-0.031746031746031744,-0.008000000000000007,0.3300000000000125,0.46999999999999886,0.3999999999999915,0.09999999999999432,0.02054889628004286,0.01863566029691377,0.0067852039310836165,0.002737575544325077,0.0,0.0,66.78,62.58,3615.59,3599.0,1.11,1.12,23046.0,22338.0,14.55,13.34,1.2400000000000002,1.26
2015-06-01,1.81,1.29,0.56,0.23,0.016393442622950838,0.016129032258064502,0.21999999999999886,0.8999999999999915,0.10000000000000853,1.7000000000000028,0.02054889628004286,0.01863566029691377,0.0067852039310836165,0.002737575544325077,0.0,0.0,65.56,55.11,3570.78,3697.38,1.1,1.08,23496.0,23157.0,13.84,15.29,1.25,1.06
2015-07-01,2.2,1.36,0.79,0.12,0.0,-0.031746031746031744,0.009999999999990905,0.3300000000000125,0.09999999999999432,0.3999999999999915,0.02054889628004286,0.02054889628004286,0.0067852039310836165,0.0067852039310836165,0.0,0.0,63.59,66.78,3424.3,3615.59,1.12,1.11,22461.0,23046.0,18.23,14.55,1.4100000000000001,1.2400000000000002
2015-08-01,2.04,1.81,0.71,0.56,-0.05645161290322587,0.016393442622950838,-0.47999999999998977,0.21999999999999886,-1.5999999999999943,0.10000000000000853,0.019882385008434644,0.02054889628004286,0.007033847815734573,0.0067852039310836165,0.0,0.0,52.21,65.56,3600.69,3570.78,1.09,1.1,23538.0,23496.0,12.12,13.84,1.33,1.25
2015-09-01,1.84,2.2,0.61,0.79,-0.008547008547008517,0.0,0.0,0.009999999999990905,-0.10000000000000853,0.09999999999999432,0.019882385008434644,0.02054889628004286,0.007033847815734573,0.0067852039310836165,0.0,0.0,54.15,63.59,3269.63,3424.3,1.12,1.12,21942.0,22461.0,28.43,18.23,1.23,1.4100000000000001
2015-10-01,1.92,2.04,0.65,0.71,0.0,-0.05645161290322587,0.1699999999999875,-0.47999999999998977,1.3000000000000114,-1.5999999999999943,0.019882385008434644,0.019882385008434644,0.007033847815734573,0.007033847815734573,0.0,0.0,48.37,52.21,3100.67,3600.69,1.13,1.09,21295.0,23538.0,24.5,12.12,1.27,1.33
2015-11-01,1.7,1.84,0.52,0.61,0.017241379310344973,-0.008547008547008517,0.09000000000000341,0.0,0.3999999999999915,-0.10000000000000853,0.02115867055997156,0.019882385008434644,0.01327576955250409,0.007033847815734573,0.0,0.0,49.56,54.15,3418.23,3269.63,1.1,1.12,22443.0,21942.0,15.07,28.43,1.18,1.23
2015-12-01,1.57,1.92,0.52,0.65,-0.025423728813559365,0.0,-0.3299999999999983,0.1699999999999875,-0.29999999999999716,1.3000000000000114,0.02115867055997156,0.019882385008434644,0.01327576955250409,0.007033847815734573,0.0,0.0,44.61,48.37,3506.45,3100.67,1.06,1.13,22718.0,21295.0,16.13,24.5,1.05,1.27
2016-01-01,1.58,1.7,0.55,0.52,0.017391304347825987,0.017241379310344973,0.010000000000005116,0.09000000000000341,-0.09999999999999432,0.3999999999999915,0.02115867055997156,0.02115867055997156,0.01327576955250409,0.01327576955250409,-0.09999999999999998,0.0,37.28,49.56,3287.98,3418.23,1.09,1.1,21418.0,22443.0,18.21,15.07,1.03,1.18
2016-02-01,1.53,1.57,0.43,0.52,-0.008547008547008517,-0.025423728813559365,-1.1500000000000057,-0.3299999999999983,-1.7000000000000028,-0.29999999999999716,0.018242471685348427,0.02115867055997156,0.01130704260835258,0.01327576955250409,0.0,0.0,34.74,44.61,3045.09,3506.45,1.09,1.06,18657.0,22718.0,20.2,16.13,1.1,1.05
2016-03-01,1.56,1.58,0.17,0.55,0.008620689655172376,0.017391304347825987,0.12999999999999545,0.010000000000005116,-0.4000000000000057,-0.09999999999999432,0.018242471685348427,0.02115867055997156,0.01130704260835258,0.01327576955250409,0.0,-0.09999999999999998,35.97,37.28,2945.75,3287.98,1.09,1.09,17623.0,21418.0,20.55,18.21,1.3900000000000001,1.03
2016-04-01,1.38,1.53,0.17,0.43,-0.008547008547008517,-0.008547008547008517,0.960000000000008,-1.1500000000000057,1.7000000000000028,-1.7000000000000028,0.018242471685348427,0.018242471685348427,0.01130704260835258,0.01130704260835258,-0.10000000000000003,0.0,39.6,34.74,3004.93,3045.09,1.13,1.09,18117.0,18657.0,13.95,20.2,1.21,1.1
2016-05-01,1.44,1.56,0.13,0.17,0.02586206896551735,0.008620689655172376,0.1700000000000017,0.12999999999999545,0.20000000000000284,-0.4000000000000057,0.015960266023676173,0.018242471685348427,0.010239886307671586,0.01130704260835258,0.0,0.0,48.13,35.97,3028.21,2945.75,1.14,1.09,18601.0,17623.0,15.7,20.55,1.31,1.3900000000000001
2016-06-01,1.53,1.38,0.13,0.17,-0.03361344537815125,-0.008547008547008517,0.3199999999999932,0.960000000000008,0.20000000000000284,1.7000000000000028,0.015960266023676173,0.018242471685348427,0.010239886307671586,0.01130704260835258,0.0,-0.10000000000000003,49.69,39.6,3063.48,3004.93,1.11,1.13,18025.0,18117.0,14.19,13.95,1.4,1.21
2016-07-01,1.45,1.44,-0.02,0.13,0.017391304347825987,0.02586206896551735,0.14000000000000057,0.1700000000000017,0.19999999999998863,0.20000000000000284,0.015960266023676173,0.015960266023676173,0.010239886307671586,0.010239886307671586,0.0,0.0,49.68,48.13,2864.74,3028.21,1.11,1.14,16198.0,18601.0,15.63,15.7,1.47,1.31
2016-08-01,1.23,1.53,-0.15,0.13,-0.008547008547008517,-0.03361344537815125,-0.37999999999999545,0.3199999999999932,-1.5,0.20000000000000284,0.01653203105717238,0.015960266023676173,0.01681900531223457,0.010239886307671586,0.0,0.0,42.46,49.69,2990.76,3063.48,1.11,1.11,16847.0,18025.0,11.87,14.19,1.38,1.4
2016-09-01,1.18,1.45,-0.13,-0.02,0.0,0.017391304347825987,0.04999999999999716,0.14000000000000057,-0.09999999999999432,0.19999999999998863,0.01653203105717238,0.015960266023676173,0.01681900531223457,0.010239886307671586,0.0,0.0,47.04,49.68,3023.13,2864.74,1.12,1.11,16943.0,16198.0,13.42,15.63,1.31,1.47
2016-10-01,1.27,1.23,-0.08,-0.15,0.02586206896551735,-0.008547008547008517,0.29999999999999716,-0.37999999999999545,1.5,-1.5,0.01653203105717238,0.01653203105717238,0.01681900531223457,0.01681900531223457,0.0,0.0,49.06,42.46,3002.24,2990.76,1.12,1.11,16401.0,16847.0,13.29,11.87,1.35,1.38
2016-11-01,1.45,1.18,0.0,-0.13,-0.01680672268907568,0.0,0.18000000000000682,0.04999999999999716,0.20000000000000284,-0.09999999999999432,0.01920488218474592,0.01653203105717238,0.015793470123639075,0.01681900531223457,0.0,0.0,48.3,47.04,3055.25,3023.13,1.1,1.12,17125.0,16943.0,17.06,13.42,1.45,1.31
2016-12-01,1.94,1.27,0.19,-0.08,0.025641025641025772,0.02586206896551735,-0.28000000000000114,0.29999999999999716,-0.10000000000000853,1.5,0.01920488218474592,0.01653203105717238,0.015793470123639075,0.01681900531223457,0.0,0.0,50.47,49.06,3051.61,3002.24,1.06,1.12,16930.0,16401.0,13.33,13.29,1.75,1.35
2017-01-01,1.89,1.45,0.25,0.0,-0.016666666666666607,-0.01680672268907568,0.4099999999999966,0.18000000000000682,0.30000000000001137,0.20000000000000284,0.01920488218474592,0.01920488218474592,0.015793470123639075,0.015793470123639075,0.0,0.0,56.13,48.3,3290.52,3055.25,1.06,1.1,19235.0,17125.0,14.04,17.06,1.64,1.45
2017-02-01,1.99,1.94,0.25,0.19,-0.008474576271186529,0.025641025641025772,-0.6700000000000017,-0.28000000000000114,-1.4000000000000057,-0.10000000000000853,0.02267249785209069,0.01920488218474592,0.018610053155239115,0.015793470123639075,0.0,0.0,55.7,50.47,3230.68,3051.61,1.07,1.06,18591.0,16930.0,11.99,13.33,1.74,1.75
2017-03-01,2.35,1.89,0.26,0.25,-0.017094017094017033,-0.016666666666666607,0.29999999999999716,0.4099999999999966,0.09999999999999432,0.30000000000001137,0.02267249785209069,0.01920488218474592,0.018610053155239115,0.015793470123639075,0.0,0.0,55.59,56.13,3319.61,3290.52,1.06,1.06,18913.0,19235.0,12.92,14.04,2.09,1.64
2017-04-01,2.4,1.99,0.35,0.25,0.008695652173912993,-0.008474576271186529,0.6600000000000108,-0.6700000000000017,1.6000000000000085,-1.4000000000000057,0.02267249785209069,0.02267249785209069,0.018610053155239115,0.018610053155239115,0.0,0.0,52.83,55.7,3500.93,3230.68,1.07,1.07,20493.0,18591.0,12.37,11.99,2.05,1.74
2017-05-01,2.26,2.35,0.23,0.26,-0.034482758620689724,-0.017094017094017033,0.4399999999999977,0.29999999999999716,0.5999999999999943,0.09999999999999432,0.027449154141127252,0.02267249785209069,0.01966661666693681,0.018610053155239115,0.0,0.0,51.73,55.59,3559.59,3319.61,1.09,1.06,20609.0,18913.0,10.82,12.92,2.03,2.09
2017-06-01,2.19,2.4,0.34,0.35,0.026785714285714413,0.008695652173912993,-0.060000000000002274,0.6600000000000108,-0.09999999999999432,1.6000000000000085,0.027449154141127252,0.02267249785209069,0.01966661666693681,0.018610053155239115,0.0,0.0,50.31,52.83,3554.59,3500.93,1.12,1.07,20732.0,20493.0,10.41,12.37,1.8499999999999999,2.05
2017-07-01,2.05,2.26,0.25,0.23,-0.034782608695652195,-0.034482758620689724,0.06999999999999318,0.4399999999999977,-0.10000000000000853,0.5999999999999943,0.027449154141127252,0.027449154141127252,0.01966661666693681,0.01966661666693681,0.0,0.0,47.92,51.73,3441.88,3559.59,1.14,1.09,20584.0,20609.0,11.18,10.82,1.7999999999999998,2.03
2017-08-01,2.23,2.19,0.46,0.34,0.027027027027027195,0.026785714285714413,-0.35999999999999943,-0.060000000000002274,-1.5999999999999943,-0.09999999999999432,0.029997005282813127,0.027449154141127252,0.01352094074824195,0.01966661666693681,0.0,0.0,52.65,50.31,3449.36,3554.59,1.17,1.12,21487.0,20732.0,10.26,10.41,1.77,1.8499999999999999
2017-09-01,2.11,2.05,0.35,0.25,0.0,-0.034782608695652195,0.21000000000000796,0.06999999999999318,0.09999999999999432,-0.10000000000000853,0.029997005282813127,0.027449154141127252,0.01352094074824195,0.01966661666693681,0.0,0.0,52.38,47.92,3421.47,3441.88,1.19,1.14,21670.0,20584.0,10.59,11.18,1.7599999999999998,1.7999999999999998
2017-10-01,2.11,2.23,0.35,0.46,-0.01754385964912286,0.027027027027027195,0.3199999999999932,-0.35999999999999943,1.5,-1.5999999999999943,0.029997005282813127,0.029997005282813127,0.01352094074824195,0.01352094074824195,0.0,0.0,57.54,52.65,3594.85,3449.36,1.18,1.17,22696.0,21487.0,9.51,10.26,1.7599999999999998,1.77
2017-11-01,2.07,2.11,0.37,0.35,-0.008928571428571397,0.0,0.04000000000000625,0.21000000000000796,0.0,0.09999999999999432,0.03053254117792048,0.029997005282813127,0.015918538887715883,0.01352094074824195,0.0,0.0,61.37,52.38,3673.95,3421.47,1.17,1.19,22794.0,21670.0,10.18,10.59,1.6999999999999997,1.7599999999999998
2017-12-01,1.79,2.11,0.31,0.35,-0.009009009009009028,-0.01754385964912286,-0.1700000000000017,0.3199999999999932,-0.19999999999998863,1.5,0.03053254117792048,0.029997005282813127,0.015918538887715883,0.01352094074824195,0.0,0.0,63.57,57.54,3569.93,3594.85,1.19,1.18,22368.0,22696.0,11.28,9.51,1.48,1.7599999999999998
2018-01-01,1.79,2.07,0.3,0.37,-0.009090909090909038,-0.008928571428571397,0.28000000000000114,0.04000000000000625,0.29999999999999716,0.0,0.03053254117792048,0.03053254117792048,0.015918538887715883,0.015918538887715883,0.0,0.0,66.6,61.37,3503.96,3673.95,1.19,1.17,21853.0,22794.0,11.04,10.18,1.49,1.6999999999999997
2018-02-01,1.98,1.79,0.47,0.31,0.0183486238532109,-0.009009009009009028,-0.7199999999999989,-0.1700000000000017,-1.2999999999999972,-0.19999999999998863,0.022684877857631403,0.03053254117792048,0.009570618592718905,0.015918538887715883,0.0,0.0,69.05,63.57,3609.29,3569.93,1.24,1.19,23507.0,22368.0,13.54,11.28,1.51,1.48
2018-03-01,2.08,1.79,0.66,0.3,-0.027027027027026973,-0.009090909090909038,0.1700000000000017,0.28000000000000114,-0.30000000000001137,0.29999999999999716,0.022684877857631403,0.03053254117792048,0.009570618592718905,0.015918538887715883,0.0,0.0,65.78,66.6,3438.96,3503.96,1.22,1.19,22608.0,21853.0,19.85,11.04,1.42,1.49
2018-04-01,1.97,1.98,0.53,0.47,0.0092592592592593,0.0183486238532109,0.8799999999999955,-0.7199999999999989,1.8000000000000114,-1.2999999999999972,0.022684877857631403,0.022684877857631403,0.009570618592718905,0.009570618592718905,0.0,0.0,70.27,69.05,3361.5,3609.29,1.23,1.24,22411.0,23507.0,19.97,13.54,1.44,1.51
2018-05-01,1.77,2.08,0.48,0.66,0.00917431192660545,-0.027027027027026973,0.3200000000000074,0.1700000000000017,0.3999999999999915,-0.30000000000001137,0.02107486387443802,0.022684877857631403,0.008074187201470462,0.009570618592718905,0.0,0.0,75.17,65.78,3536.52,3438.96,1.21,1.22,23979.0,22608.0,15.93,19.85,1.29,1.42
2018-06-01,2.18,1.97,0.45,0.53,-0.036363636363636376,0.0092592592592593,0.5,0.8799999999999955,0.20000000000000284,1.8000000000000114,0.02107486387443802,0.022684877857631403,0.008074187201470462,0.009570618592718905,0.0,0.0,77.59,70.27,3406.65,3361.5,1.17,1.23,21784.0,22411.0,15.43,19.97,1.7300000000000002,1.44
2018-07-01,2.74,1.77,0.33,0.48,0.00943396226415083,0.00917431192660545,0.0899999999999892,0.3200000000000074,0.20000000000000284,0.3999999999999915,0.02107486387443802,0.02107486387443802,0.008074187201470462,0.008074187201470462,0.0,0.0,79.44,75.17,3395.6,3536.52,1.16,1.21,21626.0,23979.0,16.09,15.93,2.41,1.29
2018-08-01,2.64,2.18,0.27,0.45,-0.03738317757009335,-0.036363636363636376,-0.1799999999999926,0.5,-1.1000000000000085,0.20000000000000284,0.01443662252407285,0.02107486387443802,0.006405596044709583,0.008074187201470462,0.0,0.0,74.25,77.59,3525.49,3406.65,1.17,1.17,22216.0,21784.0,12.83,15.43,2.37,1.7300000000000002
2018-09-01,3.16,2.74,0.29,0.33,-0.019417475728155442,0.00943396226415083,0.11999999999999034,0.0899999999999892,-0.19999999999998863,0.20000000000000284,0.01443662252407285,0.02107486387443802,0.006405596044709583,0.008074187201470462,0.0,0.0,77.42,79.44,3392.9,3395.6,1.17,1.16,20269.0,21626.0,12.86,16.09,2.87,2.41
2018-10-01,2.96,2.64,0.37,0.27,0.01980198019801982,-0.03738317757009335,0.3200000000000074,-0.1799999999999926,1.3999999999999915,-1.1000000000000085,0.01443662252407285,0.01443662252407285,0.006405596044709583,0.006405596044709583,0.0,0.0,82.72,74.25,3399.2,3525.49,1.16,1.17,20712.0,22216.0,12.12,12.83,2.59,2.37
2018-11-01,3.47,3.16,0.4,0.29,0.03883495145631044,-0.019417475728155442,0.20000000000000284,0.11999999999999034,0.10000000000000853,-0.19999999999998863,0.011669601481925529,0.01443662252407285,0.0032443530509729257,0.006405596044709583,0.0,0.0,75.47,77.42,3197.51,3392.9,1.13,1.17,19050.0,20269.0,21.23,12.86,3.0700000000000003,2.87
2018-12-01,3.39,2.96,0.31,0.37,-0.01869158878504662,0.01980198019801982,-0.45000000000000284,0.3200000000000074,-0.20000000000000284,1.3999999999999915,0.011669601481925529,0.01443662252407285,0.0032443530509729257,0.006405596044709583,0.0,0.0,58.71,82.72,3173.13,3399.2,1.14,1.16,19189.0,20712.0,18.07,12.12,3.08,2.59
2019-01-01,2.98,3.47,0.19,0.4,-0.01904761904761898,0.03883495145631044,-0.04000000000000625,0.20000000000000284,-0.10000000000000853,0.10000000000000853,0.011669601481925529,0.011669601481925529,0.0032443530509729257,0.0032443530509729257,0.0,0.0,53.8,75.47,2986.53,3197.51,1.14,1.13,18324.0,19050.0,25.42,21.23,2.79,3.0700000000000003
2019-02-01,2.77,3.39,0.13,0.31,0.009708737864077666,-0.01869158878504662,-0.8399999999999892,-0.45000000000000284,-1.3999999999999915,-0.20000000000000284,0.018506552701404555,0.011669601481925529,0.006948936735062583,0.0032443530509729257,0.0,0.0,61.89,58.71,3159.43,3173.13,1.15,1.14,19731.0,19189.0,16.57,18.07,2.64,3.08
2019-03-01,2.81,2.98,0.06,0.19,0.009615384615384581,-0.01904761904761898,0.2599999999999909,-0.04000000000000625,-0.20000000000000284,-0.10000000000000853,0.018506552701404555,0.011669601481925529,0.006948936735062583,0.0032443530509729257,0.0,0.0,66.03,53.8,3298.26,2986.53,1.14,1.14,20659.0,18324.0,14.78,25.42,2.75,2.79
2019-04-01,2.69,2.77,0.01,0.13,-0.028571428571428692,0.009708737864077666,0.8200000000000074,-0.8399999999999892,1.7999999999999972,-1.3999999999999915,0.018506552701404555,0.018506552701404555,0.006948936735062583,0.006948936735062583,0.0,0.0,68.39,61.89,3351.71,3159.43,1.12,1.15,21286.0,19731.0,13.71,16.57,2.68,2.64
2019-05-01,2.62,2.81,-0.04,0.06,0.019607843137255054,0.009615384615384581,0.5799999999999983,0.2599999999999909,0.4000000000000057,-0.20000000000000284,0.017034765240754535,0.018506552701404555,0.008123892753868045,0.006948936735062583,0.0,0.0,72.8,66.03,3514.62,3298.26,1.12,1.14,21881.0,20659.0,13.12,14.78,2.66,2.75
2019-06-01,2.64,2.69,-0.13,0.01,-0.03846153846153855,-0.028571428571428692,0.10999999999999943,0.8200000000000074,0.09999999999999432,1.7999999999999972,0.017034765240754535,0.018506552701404555,0.008123892753868045,0.006948936735062583,0.0,0.0,64.49,68.39,3280.43,3351.71,1.11,1.12,19802.0,21286.0,18.71,13.71,2.77,2.68
2019-07-01,2.28,2.62,-0.32,-0.04,-0.040000000000000036,0.019607843137255054,0.12999999999999545,0.5799999999999983,0.0,0.4000000000000057,0.017034765240754535,0.017034765240754535,0.008123892753868045,0.008123892753868045,0.0,0.0,66.55,72.8,3473.69,3514.62,1.14,1.12,21235.0,21881.0,15.08,13.12,2.5999999999999996,2.66
2019-08-01,1.65,2.64,-0.39,-0.13,0.0,-0.03846153846153855,-0.39000000000000057,0.10999999999999943,-1.5,0.09999999999999432,0.01820067488832522,0.017034765240754535,0.003549528843036498,0.008123892753868045,0.0,0.0,65.17,64.49,3466.85,3280.43,1.12,1.11,21398.0,19802.0,16.12,18.71,2.04,2.77
2019-09-01,1.4,2.28,-0.65,-0.32,-0.02083333333333326,-0.040000000000000036,0.12000000000000455,0.12999999999999545,0.0,0.0,0.01820067488832522,0.017034765240754535,0.003549528843036498,0.008123892753868045,0.0,0.0,60.43,66.55,3426.76,3473.69,1.11,1.14,21323.0,21235.0,18.98,15.08,2.05,2.5999999999999996
2019-10-01,0.9,1.65,-0.59,-0.39,0.042553191489361764,0.0,0.1799999999999926,-0.39000000000000057,1.2000000000000028,-1.5,0.01820067488832522,0.01820067488832522,0.003549528843036498,0.003549528843036498,-0.09999999999999998,0.0,60.78,65.17,3569.45,3466.85,1.09,1.12,22108.0,21398.0,16.24,16.12,1.49,2.04
2019-11-01,1.0,1.4,-0.47,-0.65,-0.04081632653061229,-0.02083333333333326,0.11000000000001364,0.12000000000000455,0.09999999999999432,0.0,0.011681863153010452,0.01820067488832522,-0.0018683766306776262,0.003549528843036498,0.0,0.0,60.23,60.43,3604.41,3426.76,1.12,1.11,22694.0,21323.0,13.22,18.98,1.47,2.05
2019-12-01,1.27,0.9,-0.35,-0.59,0.042553191489361764,0.042553191489361764,-0.2600000000000051,0.1799999999999926,-0.19999999999998863,1.2000000000000028,0.011681863153010452,0.01820067488832522,-0.0018683766306776262,0.003549528843036498,0.0,-0.09999999999999998,62.43,60.78,3703.58,3569.45,1.1,1.09,23259.0,22108.0,12.62,16.24,1.62,1.49
2020-01-01,1.37,1.0,-0.3,-0.47,0.0,-0.04081632653061229,0.2600000000000051,0.11000000000001364,0.09999999999999432,0.09999999999999432,0.011681863153010452,0.011681863153010452,-0.0018683766306776262,-0.0018683766306776262,0.0,0.0,66.0,60.23,3748.47,3604.41,1.12,1.12,23506.0,22694.0,13.78,13.22,1.6700000000000002,1.47
2020-02-01,1.27,1.27,-0.31,-0.35,-0.020408163265306256,0.042553191489361764,-0.8300000000000125,-0.2600000000000051,-1.5,-0.19999999999998863,-0.02819032459002424,0.011681863153010452,-0.060829880428306615,-0.0018683766306776262,0.0,0.0,58.16,62.43,3640.91,3703.58,1.1,1.1,23237.0,23259.0,18.84,12.62,1.58,1.62
2020-03-01,0.96,1.37,-0.47,-0.3,-0.02083333333333326,0.0,0.15000000000000568,0.2600000000000051,-0.4000000000000057,0.09999999999999432,-0.02819032459002424,0.011681863153010452,-0.060829880428306615,-0.0018683766306776262,0.0,0.0,50.52,66.0,3329.49,3748.47,1.1,1.12,21984.0,23506.0,40.11,13.78,1.43,1.6700000000000002
2020-04-01,1.55,1.27,-0.54,-0.31,-0.18085106382978722,-0.020408163265306256,0.4399999999999977,-0.8300000000000125,1.8000000000000114,-1.5,-0.02819032459002424,-0.02819032459002424,-0.060829880428306615,-0.060829880428306615,0.0,0.0,22.74,58.16,2786.9,3640.91,1.1,1.1,17051.0,23237.0,53.54,18.84,2.09,1.58
2020-05-01,1.8,0.96,-0.45,-0.47,-0.012987012987013102,-0.02083333333333326,0.2400000000000091,0.15000000000000568,0.3999999999999915,-0.4000000000000057,-0.13920587050562339,-0.02819032459002424,-0.18134309235074164,-0.060829880428306615,0.0,0.0,25.27,50.52,2927.93,3329.49,1.09,1.1,17690.0,21984.0,34.15,40.11,2.25,1.43
2020-06-01,1.76,1.55,-0.52,-0.54,0.14473684210526305,-0.18085106382978722,-0.0800000000000125,0.4399999999999977,-0.29999999999999716,1.8000000000000114,-0.13920587050562339,-0.02819032459002424,-0.18134309235074164,-0.060829880428306615,0.0,0.0,35.33,22.74,3050.2,2786.9,1.11,1.1,18198.0,17051.0,27.51,53.54,2.2800000000000002,2.09
2020-07-01,1.46,1.8,-0.43,-0.45,0.09195402298850586,-0.012987012987013102,0.28000000000000114,0.2400000000000091,0.0,0.3999999999999915,-0.13920587050562339,-0.13920587050562339,-0.18134309235074164,-0.18134309235074164,0.0,0.0,41.15,25.27,3234.07,2927.93,1.12,1.09,19376.0,17690.0,30.43,34.15,1.89,2.25
2020-08-01,1.2,1.76,-0.52,-0.52,0.08421052631578951,0.14473684210526305,-0.28999999999999204,-0.0800000000000125,-0.5999999999999943,-0.29999999999999716,-0.04141392415674261,-0.13920587050562339,-0.06021018285716806,-0.18134309235074164,0.0,0.0,43.3,35.33,3174.32,3050.2,1.19,1.11,19092.0,18198.0,24.46,27.51,1.72,2.2800000000000002
2020-09-01,1.03,1.46,-0.52,-0.43,-0.019417475728155442,0.09195402298850586,-0.3400000000000034,0.28000000000000114,-1.0,0.0,-0.04141392415674261,-0.13920587050562339,-0.06021018285716806,-0.18134309235074164,0.0,0.0,45.28,41.15,3272.51,3234.07,1.19,1.12,19634.0,19376.0,26.41,30.43,1.55,1.89
2020-10-01,0.98,1.2,-0.52,-0.52,-0.00990099009900991,0.08421052631578951,0.060000000000002274,-0.28999999999999204,0.6999999999999886,-0.5999999999999943,-0.04141392415674261,-0.04141392415674261,-0.06021018285716806,-0.06021018285716806,0.0,0.0,40.95,43.3,3193.61,3174.32,1.17,1.19,19015.0,19092.0,26.37,24.46,1.5,1.72
2020-11-01,0.77,1.03,-0.61,-0.52,0.0,-0.019417475728155442,0.14999999999999147,-0.3400000000000034,0.5,-1.0,-0.037222875160693225,-0.04141392415674261,-0.055150278648928075,-0.06021018285716806,0.0,0.0,37.46,45.28,2958.21,3272.51,1.17,1.19,17943.0,19634.0,38.02,26.41,1.38,1.55
2020-12-01,0.66,0.98,-0.61,-0.52,-0.050000000000000044,-0.00990099009900991,-0.2799999999999869,0.060000000000002274,0.0,0.6999999999999886,-0.037222875160693225,-0.04141392415674261,-0.055150278648928075,-0.06021018285716806,0.0,0.0,47.59,40.95,3492.54,3193.61,1.2,1.17,22061.0,19015.0,20.57,26.37,1.27,1.5
2021-01-01,0.58,0.77,-0.62,-0.61,0.021052631578947212,0.0,0.269999999999996,0.14999999999999147,0.20000000000000284,0.5,-0.037222875160693225,-0.037222875160693225,-0.055150278648928075,-0.055150278648928075,0.0,0.0,51.8,37.46,3571.59,2958.21,1.23,1.17,22233.0,17943.0,22.75,38.02,1.2,1.38
2021-02-01,0.62,0.66,-0.58,-0.61,0.05154639175257736,-0.050000000000000044,0.14000000000000057,-0.2799999999999869,-0.7000000000000028,0.0,0.002836369555434537,-0.037222875160693225,0.018453274783870155,-0.055150278648928075,0.0,0.0,55.88,47.59,3481.44,3492.54,1.21,1.2,21573.0,22061.0,33.09,20.57,1.2,1.27
2021-03-01,0.59,0.58,-0.45,-0.62,-0.009803921568627416,0.021052631578947212,0.1700000000000017,0.269999999999996,-0.19999999999998863,0.20000000000000284,0.002836369555434537,-0.037222875160693225,0.018453274783870155,-0.055150278648928075,0.0,0.0,66.13,51.8,3636.44,3571.59,1.22,1.23,22849.0,22233.0,27.95,22.75,1.04,1.2
2021-04-01,0.7,0.62,-0.36,-0.58,0.00990099009900991,0.05154639175257736,0.769999999999996,0.14000000000000057,1.3999999999999915,-0.7000000000000028,0.002836369555434537,0.002836369555434537,0.018453274783870155,0.018453274783870155,0.0,0.0,63.54,55.88,3919.21,3481.44,1.17,1.21,24649.0,21573.0,19.4,33.09,1.06,1.2
2021-05-01,0.8,0.59,-0.32,-0.45,0.009803921568627638,-0.009803921568627416,0.46999999999999886,0.1700000000000017,0.7000000000000028,-0.19999999999998863,0.15261338083294462,0.002836369555434537,0.1931858808574518,0.018453274783870155,0.0,0.0,67.25,66.13,3974.74,3636.44,1.21,1.22,24141.0,22849.0,18.61,27.95,1.12,1.04
2021-06-01,0.98,0.7,-0.22,-0.36,-0.03883495145631066,0.00990099009900991,0.21999999999999886,0.769999999999996,0.0,1.3999999999999915,0.15261338083294462,0.002836369555434537,0.1931858808574518,0.018453274783870155,0.0,0.0,69.63,63.54,4039.46,3919.21,1.22,1.17,25171.0,24649.0,16.76,19.4,1.2,1.06
2021-07-01,0.87,0.8,-0.29,-0.32,-0.04040404040404044,0.009803921568627638,0.21999999999999886,0.46999999999999886,0.09999999999999432,0.7000000000000028,0.15261338083294462,0.15261338083294462,0.1931858808574518,0.1931858808574518,0.0,0.0,75.13,67.25,4064.3,3974.74,1.19,1.21,25102.0,24141.0,15.83,18.61,1.16,1.12
2021-08-01,0.75,0.98,-0.45,-0.22,-0.04210526315789476,-0.03883495145631066,-0.0799999999999983,0.21999999999999886,-0.7999999999999972,0.0,0.05118852895528181,0.15261338083294462,0.06963264088900756,0.1931858808574518,0.0,0.0,76.33,69.63,4089.3,4039.46,1.19,1.22,25363.0,25171.0,18.24,16.76,1.2,1.2
2021-09-01,0.63,0.87,-0.54,-0.29,0.0,-0.04040404040404044,0.29000000000000625,0.21999999999999886,0.10000000000000853,0.09999999999999432,0.05118852895528181,0.15261338083294462,0.06963264088900756,0.1931858808574518,0.0,0.0,72.99,75.13,4196.41,4064.3,1.18,1.19,26009.0,25102.0,16.48,15.83,1.17,1.16
2021-10-01,0.78,0.75,-0.36,-0.45,0.0,-0.04210526315789476,0.3999999999999915,-0.0799999999999983,1.0999999999999943,-0.7999999999999972,0.05118852895528181,0.05118852895528181,0.06963264088900756,0.06963264088900756,0.0,0.0,78.52,76.33,4048.08,4089.3,1.16,1.19,25684.0,25363.0,23.14,18.24,1.1400000000000001,1.2
2021-11-01,0.95,0.63,-0.2,-0.54,0.0,0.0,0.7199999999999989,0.29000000000000625,0.7999999999999972,0.10000000000000853,0.05602451158492516,0.05118852895528181,0.08397958028341135,0.06963264088900756,0.0,0.0,84.38,72.99,4250.56,4196.41,1.17,1.18,26876.0,26009.0,16.26,16.48,1.15,1.17
2021-12-01,1.01,0.78,-0.31,-0.36,0.0,0.0,0.38000000000000966,0.3999999999999915,0.6000000000000085,1.0999999999999943,0.05602451158492516,0.05118852895528181,0.08397958028341135,0.06963264088900756,0.0,0.0,70.57,78.52,4063.06,4048.08,1.13,1.16,25814.0,25684.0,27.19,23.14,1.32,1.1400000000000001
2022-01-01,1.05,0.95,-0.38,-0.2,-0.0219780219780219,0.0,0.35999999999999943,0.7199999999999989,0.3999999999999915,0.7999999999999972,0.05602451158492516,0.05602451158492516,0.08397958028341135,0.08397958028341135,0.0,0.0,77.78,84.38,4306.07,4250.56,1.13,1.17,27347.0,26876.0,17.22,16.26,1.4300000000000002,1.15
2022-02-01,1.35,1.01,-0.11,-0.31,-0.03370786516853941,0.0,0.2599999999999909,0.38000000000000966,-0.09999999999999432,0.6000000000000085,0.055664774157803354,0.05602451158492516,0.07391136077593208,0.08397958028341135,0.0,0.0,91.21,70.57,4174.6,4063.06,1.12,1.13,26814.0,25814.0,24.83,27.19,1.4600000000000002,1.32
2022-03-01,1.79,1.05,0.15,-0.38,-0.0348837209302324,-0.0219780219780219,0.8100000000000023,0.35999999999999943,0.7999999999999972,0.3999999999999915,0.055664774157803354,0.05602451158492516,0.07391136077593208,0.08397958028341135,0.0,0.0,100.99,77.78,3924.23,4306.07,1.12,1.13,25416.0,27347.0,30.15,17.22,1.6400000000000001,1.4300000000000002
2022-04-01,1.85,1.35,0.28,-0.11,0.0,-0.03370786516853941,2.1099999999999994,0.2599999999999909,2.0999999999999943,-0.09999999999999432,0.055664774157803354,0.055664774157803354,0.07391136077593208,0.07391136077593208,0.0,0.0,107.91,91.21,3902.52,4174.6,1.12,1.12,25021.0,26814.0,20.56,24.83,1.57,1.4600000000000002
2022-05-01,2.44,1.79,0.75,0.15,-0.024096385542168752,-0.0348837209302324,0.5100000000000051,0.8100000000000023,0.30000000000001137,0.7999999999999972,0.04275440556852739,0.055664774157803354,0.06401965098622897,0.07391136077593208,0.0,0.0,109.34,100.99,3802.86,3924.23,1.05,1.12,24252.0,25416.0,33.4,30.15,1.69,1.6400000000000001
2022-06-01,2.99,1.85,0.95,0.28,0.0,0.0,0.7399999999999949,2.1099999999999994,0.7999999999999972,2.0999999999999943,0.04275440556852739,0.055664774157803354,0.06401965098622897,0.07391136077593208,0.0,0.0,122.84,107.91,3789.21,3902.52,1.08,1.12,24505.0,25021.0,26.19,20.56,2.04,1.57
2022-07-01,3.63,2.44,1.44,0.75,0.012345679012345734,-0.024096385542168752,0.730000000000004,0.5100000000000051,1.0999999999999943,0.30000000000001137,0.04275440556852739,0.04275440556852739,0.06401965098622897,0.06401965098622897,0.0,0.0,114.81,109.34,3454.86,3802.86,1.04,1.05,21294.0,24252.0,28.71,33.4,2.19,1.69
2022-08-01,3.36,2.99,1.08,0.95,-0.03658536585365846,0.0,0.09999999999999432,0.7399999999999949,-1.0,0.7999999999999972,0.02940776434607617,0.04275440556852739,0.04102033958493201,0.06401965098622897,0.5,0.0,110.01,122.84,3708.1,3789.21,1.02,1.08,22405.0,24505.0,21.33,26.19,2.28,2.04
2022-09-01,3.3,3.63,1.03,1.44,0.037974683544303556,0.012345679012345734,0.5600000000000023,0.730000000000004,0.7000000000000028,1.0999999999999943,0.02940776434607617,0.04275440556852739,0.04102033958493201,0.06401965098622897,0.0,0.0,96.49,114.81,3517.25,3454.86,1.0,1.04,21559.0,21294.0,25.87,28.71,2.2699999999999996,2.19
2022-10-01,4.14,3.36,1.8,1.08,-0.024390243902438935,-0.03658536585365846,1.0900000000000034,0.09999999999999432,1.5999999999999943,-1.0,0.02940776434607617,0.02940776434607617,0.04102033958493201,0.04102033958493201,0.75,0.5,87.96,110.01,3318.2,3708.1,0.98,1.02,20649.0,22405.0,31.62,21.33,2.34,2.28
2022-11-01,4.53,3.3,2.19,1.03,-0.012499999999999956,0.037974683544303556,1.3799999999999955,0.5600000000000023,3.5,0.7000000000000028,0.02073724512639452,0.02940776434607617,0.021939488311253807,0.04102033958493201,0.0,0.0,94.83,96.49,3617.54,3517.25,1.0,1.0,22652.0,21559.0,25.88,25.87,2.3400000000000003,2.2699999999999996
2022-12-01,4.24,4.14,2.07,1.8,-0.012658227848101333,-0.024390243902438935,-0.06999999999999318,1.0900000000000034,0.6000000000000085,1.5999999999999943,0.02073724512639452,0.02940776434607617,0.021939488311253807,0.04102033958493201,0.75,0.75,85.43,87.96,3964.72,3318.2,1.03,0.98,24610.0,20649.0,20.58,31.62,2.1700000000000004,2.34
2023-01-01,4.26,4.53,2.09,2.19,0.012820512820512997,-0.012499999999999956,-0.3299999999999983,1.3799999999999955,0.20000000000000284,3.5,0.02073724512639452,0.02073724512639452,0.021939488311253807,0.021939488311253807,0.5,0.0,85.91,94.83,3793.62,3617.54,1.07,1.0,23707.0,22652.0,21.67,25.88,2.17,2.3400000000000003
2023-02-01,4.24,4.24,2.19,2.07,0.0,-0.012658227848101333,-0.20000000000000284,-0.06999999999999318,-1.4000000000000057,0.6000000000000085,0.012909204856329959,0.02073724512639452,0.020605752681259526,0.021939488311253807,0.0,0.75,84.49,85.43,4163.45,3964.72,1.09,1.03,26600.0,24610.0,19.4,20.58,2.0500000000000003,2.1700000000000004
2023-03-01,4.27,4.26,2.37,2.09,-0.012658227848101333,0.012820512820512997,0.7599999999999909,-0.3299999999999983,0.09999999999999432,0.20000000000000284,0.012909204856329959,0.02073724512639452,0.020605752681259526,0.021939488311253807,0.5,0.5,83.89,85.91,4238.38,3793.62,1.06,1.07,27478.0,23707.0,20.7,21.67,1.8999999999999995,2.17
2023-04-01,4.24,4.24,2.38,2.19,0.012820512820512997,0.0,0.8500000000000085,-0.20000000000000284,0.7000000000000028,-1.4000000000000057,0.012909204856329959,0.012909204856329959,0.020605752681259526,0.020605752681259526,0.5,0.0,79.77,84.49,4315.05,4163.45,1.09,1.09,27114.0,26600.0,18.7,19.4,1.8600000000000003,2.0500000000000003
2023-05-01,4.23,4.27,2.36,2.37,0.0,-0.012658227848101333,0.5999999999999943,0.7599999999999909,0.7999999999999972,0.09999999999999432,0.005372538492087298,0.012909204856329959,0.005230943755415218,0.020605752681259526,0.0,0.5,79.54,83.89,4359.31,4238.38,1.1,1.06,27077.0,27478.0,15.78,20.7,1.8700000000000006,1.8999999999999995
2023-06-01,4.31,4.24,2.34,2.38,-0.012658227848101333,0.012820512820512997,0.030000000000001137,0.8500000000000085,0.4000000000000057,0.7000000000000028,0.005372538492087298,0.012909204856329959,0.005230943755415218,0.020605752681259526,0.25,0.5,72.66,79.77,4218.04,4315.05,1.07,1.09,26051.0,27114.0,17.94,18.7,1.9699999999999998,1.8600000000000003
2023-07-01,4.07,4.23,2.38,2.36,-0.05128205128205121,0.0,0.2400000000000091,0.5999999999999943,0.0,0.7999999999999972,0.005372538492087298,0.005372538492087298,0.005230943755415218,0.005230943755415218,0.25,0.0,74.9,79.54,4399.09,4359.31,1.09,1.1,28231.0,27077.0,13.59,15.78,1.6900000000000004,1.8700000000000006
2023-08-01,4.16,4.31,2.46,2.34,0.054054054054053946,-0.012658227848101333,-0.10000000000000853,0.030000000000001137,-1.5,0.4000000000000057,0.0007911943632972207,0.005372538492087298,0.004604143070962019,0.005230943755415218,0.0,0.25,85.56,72.66,4471.31,4218.04,1.1,1.07,29645.0,26051.0,13.63,17.94,1.7000000000000002,1.9699999999999998
2023-09-01,4.22,4.07,2.55,2.38,-0.02564102564102566,-0.05128205128205121,0.519999999999996,0.2400000000000091,0.09999999999999432,0.0,0.0007911943632972207,0.005372538492087298,0.004604143070962019,0.005230943755415218,0.25,0.25,86.86,74.9,4297.11,4399.09,1.09,1.09,28832.0,28231.0,13.57,13.59,1.67,1.6900000000000004
2023-10-01,4.51,4.16,2.66,2.46,0.013157894736842257,0.054054054054053946,0.3200000000000074,-0.10000000000000853,1.7000000000000028,-1.5,0.0007911943632972207,0.0007911943632972207,0.004604143070962019,0.004604143070962019,0.25,0.0,95.31,85.56,4174.66,4471.31,1.06,1.1,28243.0,29645.0,17.52,13.63,1.8499999999999996,1.7000000000000002
2023-11-01,4.89,4.22,2.82,2.55,0.01298701298701288,-0.02564102564102566,0.0799999999999983,0.519999999999996,0.0,0.09999999999999432,0.001986613165280371,0.0007911943632972207,0.010507215232353317,0.004604143070962019,0.0,0.25,87.41,86.86,4061.12,4297.11,1.06,1.09,27742.0,28832.0,18.14,13.57,2.07,1.67
2023-12-01,4.43,4.51,2.6,2.66,-0.038461538461538436,0.013157894736842257,-0.5400000000000063,0.3200000000000074,-0.5,1.7000000000000028,0.001986613165280371,0.0007911943632972207,0.010507215232353317,0.004604143070962019,0.0,0.25,82.83,95.31,4382.47,4174.66,1.1,1.06,29737.0,28243.0,12.92,17.52,1.8299999999999996,1.8499999999999996
2024-01-01,3.82,4.89,2.1,2.82,-0.053333333333333344,0.01298701298701288,0.1600000000000108,0.0799999999999983,0.20000000000000284,0.0,0.001986613165280371,0.001986613165280371,0.010507215232353317,0.010507215232353317,0.0,0.0,77.04,87.41,4521.65,4061.12,1.11,1.06,30352.0,27742.0,12.45,18.14,1.7199999999999998,2.07
2024-02-01,3.81,4.43,2.17,2.6,0.0,-0.038461538461538436,-0.3400000000000034,-0.5400000000000063,-1.0999999999999943,-0.5,0.005229865667174982,0.001986613165280371,0.005535473981984396,0.010507215232353317,0.0,0.0,81.71,82.83,4648.4,4382.47,1.08,1.1,30744.0,29737.0,14.35,12.92,1.6400000000000001,1.8299999999999996
2024-03-01,3.87,3.82,2.33,2.1,0.028169014084507005,-0.053333333333333344,0.5999999999999943,0.1600000000000108,0.0,0.20000000000000284,0.005229865667174982,0.001986613165280371,0.005535473981984396,0.010507215232353317,0.0,0.0,83.62,77.04,4877.77,4521.65,1.08,1.11,32581.0,30352.0,13.4,12.45,1.54,1.7199999999999998
2024-04-01,3.7,3.81,2.35,2.17,-0.05479452054794509,0.0,0.7199999999999989,-0.3400000000000034,1.0999999999999943,-1.0999999999999943,0.005229865667174982,0.005229865667174982,0.005535473981984396,0.005535473981984396,0.0,0.0,87.48,81.71,5083.42,4648.4,1.08,1.08,34750.0,30744.0,13.01,14.35,1.35,1.6400000000000001
2024-05-01,3.86,3.87,2.45,2.33,-0.01449275362318847,0.028169014084507005,0.5600000000000023,0.5999999999999943,0.5,0.0,0.005457568654355649,0.005229865667174982,0.007376485582866188,0.005535473981984396,0.0,0.0,87.86,83.62,4921.22,4877.77,1.07,1.08,33747.0,32581.0,15.65,13.4,1.4099999999999997,1.54
2024-06-01,3.84,3.7,2.52,2.35,-0.044117647058823484,-0.05479452054794509,0.21999999999999886,0.7199999999999989,0.20000000000000284,1.0999999999999943,0.005457568654355649,0.005229865667174982,0.007376485582866188,0.005535473981984396,0.0,0.0,81.62,87.48,4983.67,5083.42,1.08,1.08,34492.0,34750.0,12.92,13.01,1.3199999999999998,1.35
2024-07-01,3.94,3.86,2.48,2.45,0.030769230769230882,-0.01449275362318847,0.20000000000000284,0.5600000000000023,0.20000000000000284,0.5,0.005457568654355649,0.005457568654355649,0.007376485582866188,0.007376485582866188,-0.25,0.0,86.41,87.86,4894.02,4921.22,1.07,1.07,33154.0,33747.0,12.44,15.65,1.46,1.4099999999999997
2024-08-01,3.83,3.84,2.46,2.52,-0.04477611940298509,-0.044117647058823484,-0.030000000000001137,0.21999999999999886,-0.9000000000000057,0.20000000000000284,0.009933170369617939,0.005457568654355649,0.006379029600820596,0.007376485582866188,0.0,0.0,80.72,81.62,4872.94,4983.67,1.08,1.08,33764.0,34492.0,16.36,12.92,1.37,1.3199999999999998
2024-09-01,3.68,3.94,2.21,2.48,-0.01562500000000011,0.030769230769230882,0.13000000000000966,0.20000000000000284,-0.09999999999999432,0.20000000000000284,0.009933170369617939,0.005457568654355649,0.006379029600820596,0.007376485582866188,0.0,-0.25,78.8,86.41,4957.98,4894.02,1.11,1.07,34373.0,33154.0,15.0,12.44,1.4700000000000002,1.46
2024-10-01,3.57,3.83,2.17,2.46,-0.031746031746031744,-0.04477611940298509,-0.09000000000000341,-0.030000000000001137,1.0999999999999943,-0.9000000000000057,0.009933170369617939,0.009933170369617939,0.006379029600820596,0.006379029600820596,-0.25,0.0,71.77,80.72,5000.45,4872.94,1.12,1.08,34125.0,33764.0,16.73,16.36,1.4,1.37
2024-11-01,3.5,3.68,2.23,2.21,0.0,-0.01562500000000011,0.3400000000000034,0.13000000000000966,0.29999999999999716,-0.09999999999999432,0.013119876219832571,0.009933170369617939,0.004169345822881754,0.006379029600820596,-0.25,0.0,73.16,78.8,4827.63,4957.98,1.09,1.11,34281.0,34373.0,23.16,15.0,1.27,1.4700000000000002
2024-12-01,3.57,3.57,2.31,2.17,0.0,-0.031746031746031744,-0.3200000000000074,-0.09000000000000341,-0.09999999999999432,1.0999999999999943,0.013119876219832571,0.009933170369617939,0.004169345822881754,0.006379029600820596,0.0,-0.25,72.94,71.77,4804.4,5000.45,1.06,1.12,33415.0,34125.0,13.51,16.73,1.2599999999999998,1.4
2025-01-01,3.32,3.5,2.18,2.23,0.049180327868852514,0.0,0.3499999999999943,0.3400000000000034,0.09999999999999432,0.29999999999999716,0.013119876219832571,0.013119876219832571,0.004169345822881754,0.004169345822881754,-0.25,-0.25,74.64,73.16,4869.28,4827.63,1.04,1.09,34186.0,34281.0,17.35,23.16,1.1399999999999997,1.27
2025-02-01,3.68,3.57,2.48,2.31,0.031249999999999778,0.0,-0.2799999999999869,-0.3200000000000074,-0.7999999999999972,-0.09999999999999432,0.016201257913333045,0.013119876219832571,0.006444623856355802,0.004169345822881754,0.0,0.0,76.76,72.94,5286.87,4804.4,1.04,1.06,36472.0,33415.0,16.43,13.51,1.2000000000000002,1.2599999999999998
2025-03-01,3.58,3.32,2.41,2.18,-0.06060606060606055,0.049180327868852514,0.4199999999999875,0.3499999999999943,0.0,0.09999999999999432,0.016201257913333045,0.013119876219832571,0.006444623856355802,0.004169345822881754,-0.25,-0.25,73.18,74.64,5463.54,4869.28,1.04,1.04,38655.0,34186.0,19.63,17.35,1.17,1.1399999999999997
2025-04-01,3.89,3.68,2.74,2.48,0.016129032258064502,0.031249999999999778,0.6099999999999994,-0.2799999999999869,1.5999999999999943,-0.7999999999999972,0.016201257913333045,0.016201257913333045,0.006444623856355802,0.006444623856355802,-0.25,0.0,74.74,76.76,5248.39,5286.87,1.08,1.04,38052.0,36472.0,22.28,16.43,1.15,1.2000000000000002
2025-05-01,3.71,3.58,2.51,2.41,-0.031746031746031744,-0.06060606060606055,0.5600000000000023,0.4199999999999875,0.4000000000000057,0.0,0.015640673608796618,0.016201257913333045,0.004389672850309001,0.006444623856355802,-0.25,-0.25,63.12,73.18,5160.22,5463.54,1.14,1.04,37605.0,38655.0,24.7,19.63,1.2000000000000002,1.17
2025-06-01,3.63,3.89,2.56,2.74,0.06557377049180335,0.016129032258064502,-0.060000000000002274,0.6099999999999994,-0.09999999999999432,1.5999999999999943,0.015640673608796618,0.016201257913333045,0.004389672850309001,0.006444623856355802,0.0,-0.25,63.9,74.74,5366.59,5248.39,1.14,1.08,40087.0,38052.0,18.57,22.28,1.0699999999999998,1.15
2025-07-01,3.5,3.71,2.52,2.51,-0.0461538461538461,-0.031746031746031744,0.30000000000001137,0.5600000000000023,0.19999999999998863,0.4000000000000057,0.015640673608796618,0.015640673608796618,0.004389672850309001,0.004389672850309001,-0.25,-0.25,67.61,63.12,5303.24,5160.22,1.17,1.14,39792.0,37605.0,16.73,24.7,0.98,1.2000000000000002
2025-08-01,3.54,3.63,2.63,2.56,-0.032258064516129115,0.06557377049180335,0.01999999999999602,-0.060000000000002274,-0.8999999999999915,-0.09999999999999432,0.014211954035242336,0.015640673608796618,0.006821460879191443,0.004389672850309001,0.0,0.0,72.53,63.9,5319.92,5366.59,1.14,1.14,40988.0,40087.0,16.72,18.57,0.9100000000000001,1.0699999999999998
2025-09-01,3.54,3.5,2.67,2.52,-0.016666666666666607,-0.0461538461538461,0.14000000000000057,0.30000000000001137,-0.20000000000000284,0.19999999999998863,0.014211954035242336,0.015640673608796618,0.006821460879191443,0.004389672850309001,0.0,-0.25,68.12,67.61,5351.73,5303.24,1.17,1.17,42196.0,39792.0,15.36,16.73,0.8700000000000001,0.98
2025-10-01,3.56,3.54,2.69,2.63,0.016949152542372836,-0.032258064516129115,0.09999999999999432,0.01999999999999602,1.2000000000000028,-0.8999999999999915,0.014211954035242336,0.014211954035242336,0.006821460879191443,0.006821460879191443,0.0,0.0,67.02,72.53,5529.96,5319.92,1.17,1.14,42725.0,40988.0,16.28,16.72,0.8700000000000001,0.9100000000000001
2025-11-01,3.44,3.54,2.62,2.67,-0.033333333333333326,-0.016666666666666607,0.21000000000000796,0.14000000000000057,-0.10000000000000853,-0.20000000000000284,0.012292918083057325,0.014211954035242336,0.008883358000302266,0.006821460879191443,0.0,0.0,65.07,68.12,5662.04,5351.73,1.16,1.17,43175.0,42196.0,17.44,15.36,0.8199999999999998,0.8700000000000001
2025-12-01,3.46,3.56,2.66,2.69,-0.034482758620689724,0.016949152542372836,-0.29000000000000625,0.09999999999999432,-0.29999999999999716,1.2000000000000028,0.012292918083057325,0.014211954035242336,0.008883358000302266,0.006821460879191443,0.0,0.0,63.2,67.02,5668.17,5529.96,1.16,1.17,43357.0,42725.0,16.35,16.28,0.7999999999999998,0.8700000000000001
